Business Domain,Domain Segment,Data Segment,Business Activity,Value Domain,Data Domain,Task,Customer ID,Risk Score,Exposure Amount
Risk Management,Risk and Compliance Operations,Market Risk Management,Analyze Market Exposure,Monitor,Customer Risk Data,Analyze Market Exposure,8307,52.31,813348.49
Risk Management,Risk and Compliance Operations,Market Risk Management,Analyze Market Exposure,Monitor,Customer Risk Data,Analyze Market Exposure,2941,96.33,969086.58
Risk Management,Risk and Compliance Operations,Market Risk Management,Analyze Market Exposure,Monitor,Customer Risk Data,Analyze Market Exposure,8364,73.34,267232.4
Risk Management,Risk and Compliance Operations,Market Risk Management,Analyze Market Exposure,Monitor,Customer Risk Data,Analyze Market Exposure,9477,89.68,910570.86
Risk Management,Risk and Compliance Operations,Market Risk Management,Analyze Market Exposure,Monitor,Customer Risk Data,Analyze Market Exposure,9090,50.42,969106.26
Risk Management,Risk and Compliance Operations,Market Risk Management,Analyze Market Exposure,Monitor,Customer Risk Data,Analyze Market Exposure,1086,58.69,701875.47
Risk Management,Risk and Compliance Operations,Market Risk Management,Analyze Market Exposure,Monitor,Customer Risk Data,Analyze Market Exposure,7396,54.17,627672.43
Risk Management,Risk and Compliance Operations,Market Risk Management,Analyze Market Exposure,Monitor,Customer Risk Data,Analyze Market Exposure,8113,59.91,556147.87
Risk Management,Risk and Compliance Operations,Market Risk Management,Analyze Market Exposure,Monitor,Customer Risk Data,Analyze Market Exposure,7972,83.03,197614.11
Risk Management,Risk and Compliance Operations,Market Risk Management,Analyze Market Exposure,Monitor,Customer Risk Data,Analyze Market Exposure,6014,77.97,831365.78
Risk Management,Risk and Compliance Operations,Market Risk Management,Analyze Market Exposure,Monitor,Customer Risk Data,Analyze Market Exposure,2242,53.2,956046.0
Risk Management,Risk and Compliance Operations,Market Risk Management,Analyze Market Exposure,Monitor,Customer Risk Data,Analyze Market Exposure,2716,54.23,272688.32
Risk Management,Risk and Compliance Operations,Market Risk Management,Analyze Market Exposure,Monitor,Customer Risk Data,Analyze Market Exposure,4473,32.27,721446.92
Risk Management,Risk and Compliance Operations,Market Risk Management,Analyze Market Exposure,Monitor,Customer Risk Data,Analyze Market Exposure,7687,0.8,218739.57
Risk Management,Risk and Compliance Operations,Market Risk Management,Analyze Market Exposure,Monitor,Customer Risk Data,Analyze Market Exposure,1173,38.56,974597.61
Risk Management,Risk and Compliance Operations,Market Risk Management,Analyze Market Exposure,Monitor,Customer Risk Data,Analyze Market Exposure,2436,81.98,718242.92
Risk Management,Risk and Compliance Operations,Market Risk Management,Analyze Market Exposure,Monitor,Customer Risk Data,Analyze Market Exposure,6474,58.17,23538.82
Risk Management,Risk and Compliance Operations,Market Risk Management,Analyze Market Exposure,Monitor,Customer Risk Data,Analyze Market Exposure,8970,70.26,251091.17
Risk Management,Risk and Compliance Operations,Market Risk Management,Analyze Market Exposure,Monitor,Customer Risk Data,Analyze Market Exposure,9371,57.63,931160.37
Risk Management,Risk and Compliance Operations,Market Risk Management,Analyze Market Exposure,Monitor,Customer Risk Data,Analyze Market Exposure,9053,7.15,515681.88
Risk Management,Risk and Compliance Operations,Market Risk Management,Analyze Market Exposure,Monitor,Customer Risk Data,Analyze Market Exposure,9816,83.02,796931.0
Risk Management,Risk and Compliance Operations,Market Risk Management,Analyze Market Exposure,Monitor,Customer Risk Data,Analyze Market Exposure,2529,58.31,343245.23
Risk Management,Risk and Compliance Operations,Market Risk Management,Analyze Market Exposure,Monitor,Customer Risk Data,Analyze Market Exposure,9978,91.96,367081.79
Risk Management,Risk and Compliance Operations,Market Risk Management,Analyze Market Exposure,Monitor,Customer Risk Data,Analyze Market Exposure,7766,71.54,97942.27
Risk Management,Risk and Compliance Operations,Market Risk Management,Analyze Market Exposure,Monitor,Customer Risk Data,Analyze Market Exposure,4752,43.1,466295.65
Risk Management,Risk and Compliance Operations,Market Risk Management,Analyze Market Exposure,Monitor,Customer Risk Data,Analyze Market Exposure,5696,85.02,806182.24
Risk Management,Risk and Compliance Operations,Market Risk Management,Analyze Market Exposure,Monitor,Customer Risk Data,Analyze Market Exposure,4430,61.52,659105.71
Risk Management,Risk and Compliance Operations,Market Risk Management,Analyze Market Exposure,Monitor,Customer Risk Data,Analyze Market Exposure,8607,72.53,495002.39
Risk Management,Risk and Compliance Operations,Market Risk Management,Analyze Market Exposure,Monitor,Customer Risk Data,Analyze Market Exposure,6996,34.83,403146.62
Risk Management,Risk and Compliance Operations,Market Risk Management,Analyze Market Exposure,Monitor,Customer Risk Data,Analyze Market Exposure,2410,54.14,461481.78
Risk Management,Risk and Compliance Operations,Market Risk Management,Analyze Market Exposure,Monitor,Customer Risk Data,Analyze Market Exposure,7810,80.29,519435.75
Risk Management,Risk and Compliance Operations,Market Risk Management,Analyze Market Exposure,Monitor,Customer Risk Data,Analyze Market Exposure,1643,98.16,721909.72
Risk Management,Risk and Compliance Operations,Market Risk Management,Analyze Market Exposure,Monitor,Customer Risk Data,Analyze Market Exposure,4637,85.38,823830.78
Risk Management,Risk and Compliance Operations,Market Risk Management,Analyze Market Exposure,Monitor,Customer Risk Data,Analyze Market Exposure,5689,32.37,497105.48
Risk Management,Risk and Compliance Operations,Market Risk Management,Analyze Market Exposure,Monitor,Customer Risk Data,Analyze Market Exposure,1410,74.45,552763.64
Risk Management,Risk and Compliance Operations,Market Risk Management,Analyze Market Exposure,Monitor,Customer Risk Data,Analyze Market Exposure,5927,9.6,799280.94
Risk Management,Risk and Compliance Operations,Market Risk Management,Analyze Market Exposure,Monitor,Customer Risk Data,Analyze Market Exposure,7573,69.47,746665.81
Risk Management,Risk and Compliance Operations,Market Risk Management,Analyze Market Exposure,Monitor,Customer Risk Data,Analyze Market Exposure,1092,19.45,311888.43
Risk Management,Risk and Compliance Operations,Market Risk Management,Analyze Market Exposure,Monitor,Customer Risk Data,Analyze Market Exposure,7083,51.48,582059.74
Risk Management,Risk and Compliance Operations,Market Risk Management,Analyze Market Exposure,Monitor,Customer Risk Data,Analyze Market Exposure,5515,6.13,198663.8
Risk Management,Risk and Compliance Operations,Market Risk Management,Analyze Market Exposure,Monitor,Customer Risk Data,Analyze Market Exposure,6345,71.39,635562.55
Risk Management,Risk and Compliance Operations,Market Risk Management,Analyze Market Exposure,Monitor,Customer Risk Data,Analyze Market Exposure,4546,92.11,342242.6
Risk Management,Risk and Compliance Operations,Market Risk Management,Analyze Market Exposure,Monitor,Customer Risk Data,Analyze Market Exposure,2706,86.84,939840.35
Risk Management,Risk and Compliance Operations,Market Risk Management,Analyze Market Exposure,Monitor,Customer Risk Data,Analyze Market Exposure,4421,51.46,79520.0
Risk Management,Risk and Compliance Operations,Market Risk Management,Analyze Market Exposure,Monitor,Customer Risk Data,Analyze Market Exposure,2756,38.56,549204.27
Risk Management,Risk and Compliance Operations,Market Risk Management,Analyze Market Exposure,Monitor,Customer Risk Data,Analyze Market Exposure,5245,93.6,293310.94
Risk Management,Risk and Compliance Operations,Market Risk Management,Analyze Market Exposure,Monitor,Customer Risk Data,Analyze Market Exposure,7672,55.0,636006.46
Risk Management,Risk and Compliance Operations,Market Risk Management,Analyze Market Exposure,Monitor,Customer Risk Data,Analyze Market Exposure,2136,2.0,729047.18
Risk Management,Risk and Compliance Operations,Market Risk Management,Analyze Market Exposure,Monitor,Customer Risk Data,Analyze Market Exposure,2457,57.61,386018.2
Risk Management,Risk and Compliance Operations,Market Risk Management,Analyze Market Exposure,Monitor,Customer Risk Data,Analyze Market Exposure,7788,93.25,135727.9
Risk Management,Risk and Compliance Operations,Market Risk Management,Analyze Market Exposure,Monitor,Customer Risk Data,Analyze Market Exposure,2705,92.21,942730.15
Risk Management,Risk and Compliance Operations,Market Risk Management,Analyze Market Exposure,Monitor,Customer Risk Data,Analyze Market Exposure,5388,7.42,818824.25
Risk Management,Risk and Compliance Operations,Market Risk Management,Analyze Market Exposure,Monitor,Customer Risk Data,Analyze Market Exposure,5141,96.61,927138.62
Risk Management,Risk and Compliance Operations,Market Risk Management,Analyze Market Exposure,Monitor,Customer Risk Data,Analyze Market Exposure,4314,32.97,709039.47
Risk Management,Risk and Compliance Operations,Market Risk Management,Analyze Market Exposure,Monitor,Customer Risk Data,Analyze Market Exposure,4007,91.88,938005.81
Risk Management,Risk and Compliance Operations,Market Risk Management,Analyze Market Exposure,Monitor,Customer Risk Data,Analyze Market Exposure,3760,58.83,502008.64
Risk Management,Risk and Compliance Operations,Market Risk Management,Analyze Market Exposure,Monitor,Customer Risk Data,Analyze Market Exposure,7086,28.03,892054.33
Risk Management,Risk and Compliance Operations,Market Risk Management,Analyze Market Exposure,Monitor,Customer Risk Data,Analyze Market Exposure,5172,25.2,595467.5
Risk Management,Risk and Compliance Operations,Market Risk Management,Analyze Market Exposure,Monitor,Customer Risk Data,Analyze Market Exposure,9051,96.53,677313.52
Risk Management,Risk and Compliance Operations,Market Risk Management,Analyze Market Exposure,Monitor,Customer Risk Data,Analyze Market Exposure,8618,43.15,762111.03
Risk Management,Risk and Compliance Operations,Market Risk Management,Analyze Market Exposure,Monitor,Customer Risk Data,Analyze Market Exposure,7407,50.34,453457.17
Risk Management,Risk and Compliance Operations,Market Risk Management,Analyze Market Exposure,Monitor,Customer Risk Data,Analyze Market Exposure,7585,90.09,777681.55
Risk Management,Risk and Compliance Operations,Market Risk Management,Analyze Market Exposure,Monitor,Customer Risk Data,Analyze Market Exposure,1808,26.05,47233.33
Risk Management,Risk and Compliance Operations,Market Risk Management,Analyze Market Exposure,Monitor,Customer Risk Data,Analyze Market Exposure,6985,22.94,214876.54
Risk Management,Risk and Compliance Operations,Market Risk Management,Analyze Market Exposure,Monitor,Customer Risk Data,Analyze Market Exposure,9574,23.66,392036.77
Risk Management,Risk and Compliance Operations,Market Risk Management,Analyze Market Exposure,Monitor,Customer Risk Data,Analyze Market Exposure,4597,25.46,502493.45
Risk Management,Risk and Compliance Operations,Market Risk Management,Analyze Market Exposure,Monitor,Customer Risk Data,Analyze Market Exposure,3153,67.72,460570.9
Risk Management,Risk and Compliance Operations,Market Risk Management,Analyze Market Exposure,Monitor,Customer Risk Data,Analyze Market Exposure,4276,1.89,470605.68
Risk Management,Risk and Compliance Operations,Market Risk Management,Analyze Market Exposure,Monitor,Customer Risk Data,Analyze Market Exposure,8089,51.81,884886.29
Risk Management,Risk and Compliance Operations,Market Risk Management,Analyze Market Exposure,Monitor,Customer Risk Data,Analyze Market Exposure,6225,65.78,58082.63
Risk Management,Risk and Compliance Operations,Market Risk Management,Analyze Market Exposure,Monitor,Customer Risk Data,Analyze Market Exposure,5288,63.94,735604.83
Risk Management,Risk and Compliance Operations,Market Risk Management,Analyze Market Exposure,Monitor,Customer Risk Data,Analyze Market Exposure,2196,60.52,263036.0
Risk Management,Risk and Compliance Operations,Market Risk Management,Analyze Market Exposure,Monitor,Customer Risk Data,Analyze Market Exposure,3173,79.16,978157.52
Risk Management,Risk and Compliance Operations,Market Risk Management,Analyze Market Exposure,Monitor,Customer Risk Data,Analyze Market Exposure,3171,54.66,138962.46
Risk Management,Risk and Compliance Operations,Market Risk Management,Analyze Market Exposure,Monitor,Customer Risk Data,Analyze Market Exposure,4828,22.57,526008.24
Risk Management,Risk and Compliance Operations,Market Risk Management,Analyze Market Exposure,Monitor,Customer Risk Data,Analyze Market Exposure,4550,18.97,415271.63
Risk Management,Risk and Compliance Operations,Market Risk Management,Analyze Market Exposure,Monitor,Customer Risk Data,Analyze Market Exposure,5478,81.31,753673.75
Risk Management,Risk and Compliance Operations,Market Risk Management,Analyze Market Exposure,Monitor,Customer Risk Data,Analyze Market Exposure,7971,11.23,793238.18
Risk Management,Risk and Compliance Operations,Market Risk Management,Analyze Market Exposure,Monitor,Customer Risk Data,Analyze Market Exposure,2943,92.7,342337.33
Risk Management,Risk and Compliance Operations,Market Risk Management,Analyze Market Exposure,Monitor,Customer Risk Data,Analyze Market Exposure,3880,22.91,244771.91
Risk Management,Risk and Compliance Operations,Market Risk Management,Analyze Market Exposure,Monitor,Customer Risk Data,Analyze Market Exposure,7716,13.7,671596.25
Risk Management,Risk and Compliance Operations,Market Risk Management,Analyze Market Exposure,Monitor,Customer Risk Data,Analyze Market Exposure,7865,20.99,833546.89
Risk Management,Risk and Compliance Operations,Market Risk Management,Analyze Market Exposure,Monitor,Customer Risk Data,Analyze Market Exposure,2391,80.82,469796.96
Risk Management,Risk and Compliance Operations,Market Risk Management,Analyze Market Exposure,Monitor,Customer Risk Data,Analyze Market Exposure,5414,71.37,349649.22
Risk Management,Risk and Compliance Operations,Market Risk Management,Analyze Market Exposure,Monitor,Customer Risk Data,Analyze Market Exposure,9857,2.79,998187.69
Risk Management,Risk and Compliance Operations,Market Risk Management,Analyze Market Exposure,Monitor,Customer Risk Data,Analyze Market Exposure,1337,20.45,609480.69
Risk Management,Risk and Compliance Operations,Market Risk Management,Analyze Market Exposure,Monitor,Customer Risk Data,Analyze Market Exposure,5578,45.26,905133.77
Risk Management,Risk and Compliance Operations,Market Risk Management,Analyze Market Exposure,Monitor,Customer Risk Data,Analyze Market Exposure,9435,35.69,63712.47
Risk Management,Risk and Compliance Operations,Market Risk Management,Analyze Market Exposure,Monitor,Customer Risk Data,Analyze Market Exposure,1835,5.68,770431.3
Risk Management,Risk and Compliance Operations,Market Risk Management,Analyze Market Exposure,Monitor,Customer Risk Data,Analyze Market Exposure,1128,86.74,824000.5
Risk Management,Risk and Compliance Operations,Market Risk Management,Analyze Market Exposure,Monitor,Customer Risk Data,Analyze Market Exposure,1327,95.89,705980.14
Risk Management,Risk and Compliance Operations,Market Risk Management,Analyze Market Exposure,Monitor,Customer Risk Data,Analyze Market Exposure,4426,98.92,337962.65
Risk Management,Risk and Compliance Operations,Market Risk Management,Analyze Market Exposure,Monitor,Customer Risk Data,Analyze Market Exposure,7691,43.68,823195.88
Risk Management,Risk and Compliance Operations,Market Risk Management,Analyze Market Exposure,Monitor,Customer Risk Data,Analyze Market Exposure,5162,56.17,699841.95
Risk Management,Risk and Compliance Operations,Market Risk Management,Analyze Market Exposure,Monitor,Customer Risk Data,Analyze Market Exposure,3906,42.24,823615.59
Risk Management,Risk and Compliance Operations,Market Risk Management,Analyze Market Exposure,Monitor,Customer Risk Data,Analyze Market Exposure,8628,85.24,456164.75
Risk Management,Risk and Compliance Operations,Market Risk Management,Analyze Market Exposure,Monitor,Customer Risk Data,Analyze Market Exposure,2280,20.88,506557.53
Risk Management,Risk and Compliance Operations,Market Risk Management,Analyze Market Exposure,Monitor,Customer Risk Data,Analyze Market Exposure,6483,97.84,330998.15
Risk Management,Risk and Compliance Operations,Market Risk Management,Analyze Market Exposure,Monitor,Customer Risk Data,Analyze Market Exposure,4238,5.56,359531.48
Risk Management,Risk and Compliance Operations,Market Risk Management,Analyze Market Exposure,Monitor,Customer Risk Data,Analyze Market Exposure,4842,94.95,401003.98
Risk Management,Risk and Compliance Operations,Market Risk Management,Analyze Market Exposure,Monitor,Customer Risk Data,Analyze Market Exposure,2122,11.16,515855.19
Risk Management,Risk and Compliance Operations,Market Risk Management,Analyze Market Exposure,Monitor,Customer Risk Data,Analyze Market Exposure,9255,53.89,57815.46
Risk Management,Risk and Compliance Operations,Market Risk Management,Analyze Market Exposure,Monitor,Customer Risk Data,Analyze Market Exposure,8956,56.91,168354.33
Risk Management,Risk and Compliance Operations,Market Risk Management,Analyze Market Exposure,Monitor,Customer Risk Data,Analyze Market Exposure,9598,22.14,413091.86
Risk Management,Risk and Compliance Operations,Market Risk Management,Analyze Market Exposure,Monitor,Customer Risk Data,Analyze Market Exposure,7264,29.94,973958.47
Risk Management,Risk and Compliance Operations,Market Risk Management,Analyze Market Exposure,Monitor,Customer Risk Data,Analyze Market Exposure,7832,54.5,489480.68
Risk Management,Risk and Compliance Operations,Market Risk Management,Analyze Market Exposure,Monitor,Customer Risk Data,Analyze Market Exposure,4453,81.75,341782.74
Risk Management,Risk and Compliance Operations,Market Risk Management,Analyze Market Exposure,Monitor,Customer Risk Data,Analyze Market Exposure,8661,46.97,166646.43
Risk Management,Risk and Compliance Operations,Market Risk Management,Analyze Market Exposure,Monitor,Customer Risk Data,Analyze Market Exposure,7619,5.17,815962.39
Risk Management,Risk and Compliance Operations,Market Risk Management,Analyze Market Exposure,Monitor,Customer Risk Data,Analyze Market Exposure,7108,15.53,74571.97
Risk Management,Risk and Compliance Operations,Market Risk Management,Analyze Market Exposure,Monitor,Customer Risk Data,Analyze Market Exposure,4158,20.51,611486.09
Risk Management,Risk and Compliance Operations,Market Risk Management,Analyze Market Exposure,Monitor,Customer Risk Data,Analyze Market Exposure,6711,60.68,29081.47
Risk Management,Risk and Compliance Operations,Market Risk Management,Analyze Market Exposure,Monitor,Customer Risk Data,Analyze Market Exposure,6294,37.31,641854.01
Risk Management,Risk and Compliance Operations,Market Risk Management,Analyze Market Exposure,Monitor,Customer Risk Data,Analyze Market Exposure,1312,12.86,450995.58
Risk Management,Risk and Compliance Operations,Market Risk Management,Analyze Market Exposure,Monitor,Customer Risk Data,Analyze Market Exposure,3724,74.25,751620.37
Risk Management,Risk and Compliance Operations,Market Risk Management,Analyze Market Exposure,Monitor,Customer Risk Data,Analyze Market Exposure,2357,9.67,907115.13
Risk Management,Risk and Compliance Operations,Market Risk Management,Analyze Market Exposure,Monitor,Customer Risk Data,Analyze Market Exposure,3955,67.96,734794.55
Risk Management,Risk and Compliance Operations,Market Risk Management,Analyze Market Exposure,Monitor,Customer Risk Data,Analyze Market Exposure,4008,20.06,577899.2
Risk Management,Risk and Compliance Operations,Market Risk Management,Analyze Market Exposure,Monitor,Customer Risk Data,Analyze Market Exposure,7618,50.87,987404.93
Risk Management,Risk and Compliance Operations,Market Risk Management,Analyze Market Exposure,Monitor,Customer Risk Data,Analyze Market Exposure,2917,9.72,676917.01
Risk Management,Risk and Compliance Operations,Market Risk Management,Analyze Market Exposure,Monitor,Customer Risk Data,Analyze Market Exposure,7268,27.06,207290.7
Risk Management,Risk and Compliance Operations,Market Risk Management,Analyze Market Exposure,Monitor,Customer Risk Data,Analyze Market Exposure,2818,0.86,180167.37
Risk Management,Risk and Compliance Operations,Market Risk Management,Analyze Market Exposure,Monitor,Customer Risk Data,Analyze Market Exposure,9115,6.01,917742.2
Risk Management,Risk and Compliance Operations,Market Risk Management,Analyze Market Exposure,Monitor,Customer Risk Data,Analyze Market Exposure,3567,34.12,740304.05
Risk Management,Risk and Compliance Operations,Market Risk Management,Analyze Market Exposure,Monitor,Customer Risk Data,Analyze Market Exposure,5212,47.72,693777.29
Risk Management,Risk and Compliance Operations,Market Risk Management,Analyze Market Exposure,Monitor,Customer Risk Data,Analyze Market Exposure,4031,10.28,321557.41
Risk Management,Risk and Compliance Operations,Market Risk Management,Analyze Market Exposure,Monitor,Customer Risk Data,Analyze Market Exposure,4380,1.86,440759.37
Risk Management,Risk and Compliance Operations,Market Risk Management,Analyze Market Exposure,Monitor,Customer Risk Data,Analyze Market Exposure,5043,77.67,552309.45
Risk Management,Risk and Compliance Operations,Market Risk Management,Analyze Market Exposure,Monitor,Customer Risk Data,Analyze Market Exposure,4719,33.98,415966.03
Risk Management,Risk and Compliance Operations,Market Risk Management,Analyze Market Exposure,Monitor,Customer Risk Data,Analyze Market Exposure,6608,95.27,304223.79
Risk Management,Risk and Compliance Operations,Market Risk Management,Analyze Market Exposure,Monitor,Customer Risk Data,Analyze Market Exposure,8863,53.67,644579.3
Risk Management,Risk and Compliance Operations,Market Risk Management,Analyze Market Exposure,Monitor,Customer Risk Data,Analyze Market Exposure,8084,53.13,769791.55
Risk Management,Risk and Compliance Operations,Market Risk Management,Analyze Market Exposure,Monitor,Customer Risk Data,Analyze Market Exposure,6429,89.79,901690.06
Risk Management,Risk and Compliance Operations,Market Risk Management,Analyze Market Exposure,Monitor,Customer Risk Data,Analyze Market Exposure,5305,77.49,392348.15
Risk Management,Risk and Compliance Operations,Market Risk Management,Analyze Market Exposure,Monitor,Customer Risk Data,Analyze Market Exposure,8674,76.42,827088.62
Risk Management,Risk and Compliance Operations,Market Risk Management,Analyze Market Exposure,Monitor,Customer Risk Data,Analyze Market Exposure,1815,40.88,60487.46
Risk Management,Risk and Compliance Operations,Market Risk Management,Analyze Market Exposure,Monitor,Customer Risk Data,Analyze Market Exposure,6806,69.51,238150.52
Risk Management,Risk and Compliance Operations,Market Risk Management,Analyze Market Exposure,Monitor,Customer Risk Data,Analyze Market Exposure,6198,47.41,443115.47
Risk Management,Risk and Compliance Operations,Market Risk Management,Analyze Market Exposure,Monitor,Customer Risk Data,Analyze Market Exposure,6072,42.7,427317.64
Risk Management,Risk and Compliance Operations,Market Risk Management,Analyze Market Exposure,Monitor,Customer Risk Data,Analyze Market Exposure,9928,37.75,955988.7
Risk Management,Risk and Compliance Operations,Market Risk Management,Analyze Market Exposure,Monitor,Customer Risk Data,Analyze Market Exposure,1924,25.36,106188.33
Risk Management,Risk and Compliance Operations,Market Risk Management,Analyze Market Exposure,Monitor,Customer Risk Data,Analyze Market Exposure,2742,97.08,626255.12
Risk Management,Risk and Compliance Operations,Market Risk Management,Analyze Market Exposure,Monitor,Customer Risk Data,Analyze Market Exposure,7982,72.58,648089.28
Risk Management,Risk and Compliance Operations,Market Risk Management,Analyze Market Exposure,Monitor,Customer Risk Data,Analyze Market Exposure,4809,28.9,309268.34
Risk Management,Risk and Compliance Operations,Market Risk Management,Analyze Market Exposure,Monitor,Customer Risk Data,Analyze Market Exposure,4073,13.43,838908.31
Risk Management,Risk and Compliance Operations,Market Risk Management,Analyze Market Exposure,Monitor,Customer Risk Data,Analyze Market Exposure,1003,71.9,683203.28
Risk Management,Risk and Compliance Operations,Market Risk Management,Analyze Market Exposure,Monitor,Customer Risk Data,Analyze Market Exposure,9991,0.86,429666.52
Risk Management,Risk and Compliance Operations,Market Risk Management,Analyze Market Exposure,Monitor,Customer Risk Data,Analyze Market Exposure,3514,18.47,185862.64
Risk Management,Risk and Compliance Operations,Market Risk Management,Analyze Market Exposure,Monitor,Customer Risk Data,Analyze Market Exposure,2233,35.03,841370.73
Risk Management,Risk and Compliance Operations,Market Risk Management,Analyze Market Exposure,Monitor,Customer Risk Data,Analyze Market Exposure,7232,9.49,738685.93
Risk Management,Risk and Compliance Operations,Market Risk Management,Analyze Market Exposure,Monitor,Customer Risk Data,Analyze Market Exposure,4309,10.55,376993.45
Risk Management,Risk and Compliance Operations,Market Risk Management,Analyze Market Exposure,Monitor,Customer Risk Data,Analyze Market Exposure,6706,39.31,632725.73
Risk Management,Risk and Compliance Operations,Market Risk Management,Analyze Market Exposure,Monitor,Customer Risk Data,Analyze Market Exposure,6555,21.63,56981.93
Risk Management,Risk and Compliance Operations,Market Risk Management,Analyze Market Exposure,Monitor,Customer Risk Data,Analyze Market Exposure,3626,93.02,499339.19
Risk Management,Risk and Compliance Operations,Market Risk Management,Analyze Market Exposure,Monitor,Customer Risk Data,Analyze Market Exposure,8149,89.67,120961.41
Risk Management,Risk and Compliance Operations,Market Risk Management,Analyze Market Exposure,Monitor,Customer Risk Data,Analyze Market Exposure,1496,62.13,381527.38
Risk Management,Risk and Compliance Operations,Market Risk Management,Analyze Market Exposure,Monitor,Customer Risk Data,Analyze Market Exposure,3544,3.03,50967.07
Risk Management,Risk and Compliance Operations,Market Risk Management,Analyze Market Exposure,Monitor,Customer Risk Data,Analyze Market Exposure,5825,1.86,742719.25
Risk Management,Risk and Compliance Operations,Market Risk Management,Analyze Market Exposure,Monitor,Customer Risk Data,Analyze Market Exposure,9193,47.8,623169.98
Risk Management,Risk and Compliance Operations,Market Risk Management,Analyze Market Exposure,Monitor,Customer Risk Data,Analyze Market Exposure,3721,82.26,637964.99
Risk Management,Risk and Compliance Operations,Market Risk Management,Analyze Market Exposure,Monitor,Customer Risk Data,Analyze Market Exposure,2672,48.92,437680.86
Risk Management,Risk and Compliance Operations,Market Risk Management,Analyze Market Exposure,Monitor,Customer Risk Data,Analyze Market Exposure,6233,56.68,657443.41
Risk Management,Risk and Compliance Operations,Market Risk Management,Analyze Market Exposure,Monitor,Customer Risk Data,Analyze Market Exposure,9050,93.19,110262.78
Risk Management,Risk and Compliance Operations,Market Risk Management,Analyze Market Exposure,Monitor,Customer Risk Data,Analyze Market Exposure,8352,74.42,209687.87
Risk Management,Risk and Compliance Operations,Market Risk Management,Analyze Market Exposure,Monitor,Customer Risk Data,Analyze Market Exposure,2905,8.68,656369.62
Risk Management,Risk and Compliance Operations,Market Risk Management,Analyze Market Exposure,Monitor,Customer Risk Data,Analyze Market Exposure,2445,52.1,10414.49
Risk Management,Risk and Compliance Operations,Market Risk Management,Analyze Market Exposure,Monitor,Customer Risk Data,Analyze Market Exposure,6494,35.39,838566.12
Risk Management,Risk and Compliance Operations,Market Risk Management,Analyze Market Exposure,Monitor,Customer Risk Data,Analyze Market Exposure,4773,15.98,248947.3
Risk Management,Risk and Compliance Operations,Market Risk Management,Analyze Market Exposure,Monitor,Customer Risk Data,Analyze Market Exposure,4800,77.68,396035.89
Risk Management,Risk and Compliance Operations,Market Risk Management,Analyze Market Exposure,Monitor,Customer Risk Data,Analyze Market Exposure,7131,1.78,786952.64
Risk Management,Risk and Compliance Operations,Market Risk Management,Analyze Market Exposure,Monitor,Customer Risk Data,Analyze Market Exposure,6427,52.15,414293.48
Risk Management,Risk and Compliance Operations,Market Risk Management,Analyze Market Exposure,Monitor,Customer Risk Data,Analyze Market Exposure,8061,41.18,298494.93
Risk Management,Risk and Compliance Operations,Market Risk Management,Analyze Market Exposure,Monitor,Customer Risk Data,Analyze Market Exposure,8565,96.71,422968.1
Risk Management,Risk and Compliance Operations,Market Risk Management,Analyze Market Exposure,Monitor,Customer Risk Data,Analyze Market Exposure,7486,90.79,227398.54
Risk Management,Risk and Compliance Operations,Market Risk Management,Analyze Market Exposure,Monitor,Customer Risk Data,Analyze Market Exposure,4387,43.98,23685.77
Risk Management,Risk and Compliance Operations,Market Risk Management,Analyze Market Exposure,Monitor,Customer Risk Data,Analyze Market Exposure,5520,58.3,384197.85
Risk Management,Risk and Compliance Operations,Market Risk Management,Analyze Market Exposure,Monitor,Customer Risk Data,Analyze Market Exposure,4054,39.99,849496.76
Risk Management,Risk and Compliance Operations,Market Risk Management,Analyze Market Exposure,Monitor,Customer Risk Data,Analyze Market Exposure,4591,58.9,379663.87
Risk Management,Risk and Compliance Operations,Market Risk Management,Analyze Market Exposure,Monitor,Customer Risk Data,Analyze Market Exposure,4670,41.41,171373.64
Risk Management,Risk and Compliance Operations,Market Risk Management,Analyze Market Exposure,Monitor,Customer Risk Data,Analyze Market Exposure,9698,15.95,109314.52
Risk Management,Risk and Compliance Operations,Market Risk Management,Analyze Market Exposure,Monitor,Customer Risk Data,Analyze Market Exposure,3314,61.94,616017.67
Risk Management,Risk and Compliance Operations,Market Risk Management,Analyze Market Exposure,Monitor,Customer Risk Data,Analyze Market Exposure,8137,28.78,772358.33
Risk Management,Risk and Compliance Operations,Market Risk Management,Analyze Market Exposure,Monitor,Customer Risk Data,Analyze Market Exposure,6977,46.19,297991.44
Risk Management,Risk and Compliance Operations,Market Risk Management,Analyze Market Exposure,Monitor,Customer Risk Data,Analyze Market Exposure,3332,89.88,41859.17
Risk Management,Risk and Compliance Operations,Market Risk Management,Analyze Market Exposure,Monitor,Customer Risk Data,Analyze Market Exposure,4178,21.09,428516.96
Risk Management,Risk and Compliance Operations,Market Risk Management,Analyze Market Exposure,Monitor,Customer Risk Data,Analyze Market Exposure,6937,77.42,346262.38
Risk Management,Risk and Compliance Operations,Market Risk Management,Analyze Market Exposure,Monitor,Customer Risk Data,Analyze Market Exposure,1738,99.97,235036.71
Risk Management,Risk and Compliance Operations,Market Risk Management,Analyze Market Exposure,Monitor,Customer Risk Data,Analyze Market Exposure,2084,61.67,955061.01
Risk Management,Risk and Compliance Operations,Market Risk Management,Analyze Market Exposure,Monitor,Customer Risk Data,Analyze Market Exposure,7841,32.96,610058.99
Risk Management,Risk and Compliance Operations,Market Risk Management,Analyze Market Exposure,Monitor,Customer Risk Data,Analyze Market Exposure,9046,42.61,218565.73
Risk Management,Risk and Compliance Operations,Market Risk Management,Analyze Market Exposure,Monitor,Customer Risk Data,Analyze Market Exposure,1424,71.09,509939.31
Risk Management,Risk and Compliance Operations,Market Risk Management,Analyze Market Exposure,Monitor,Customer Risk Data,Analyze Market Exposure,5865,39.53,231362.3
Risk Management,Risk and Compliance Operations,Market Risk Management,Analyze Market Exposure,Monitor,Customer Risk Data,Analyze Market Exposure,2412,90.77,948354.56
Risk Management,Risk and Compliance Operations,Market Risk Management,Analyze Market Exposure,Monitor,Customer Risk Data,Analyze Market Exposure,2657,47.98,48166.61
Risk Management,Risk and Compliance Operations,Market Risk Management,Analyze Market Exposure,Monitor,Customer Risk Data,Analyze Market Exposure,3791,53.39,824177.1
Risk Management,Risk and Compliance Operations,Market Risk Management,Analyze Market Exposure,Monitor,Customer Risk Data,Analyze Market Exposure,3130,46.14,550911.31
Risk Management,Risk and Compliance Operations,Market Risk Management,Analyze Market Exposure,Monitor,Customer Risk Data,Analyze Market Exposure,5542,27.71,302008.68
Risk Management,Risk and Compliance Operations,Market Risk Management,Analyze Market Exposure,Monitor,Customer Risk Data,Analyze Market Exposure,3363,61.63,317758.4
Risk Management,Risk and Compliance Operations,Market Risk Management,Analyze Market Exposure,Monitor,Customer Risk Data,Analyze Market Exposure,8124,12.29,574121.44
Risk Management,Risk and Compliance Operations,Market Risk Management,Analyze Market Exposure,Monitor,Customer Risk Data,Analyze Market Exposure,3548,99.27,457041.86
Risk Management,Risk and Compliance Operations,Market Risk Management,Analyze Market Exposure,Monitor,Customer Risk Data,Analyze Market Exposure,8323,31.98,241629.17
Risk Management,Risk and Compliance Operations,Market Risk Management,Analyze Market Exposure,Monitor,Customer Risk Data,Analyze Market Exposure,6228,20.62,469287.17
Risk Management,Risk and Compliance Operations,Market Risk Management,Analyze Market Exposure,Monitor,Customer Risk Data,Analyze Market Exposure,7539,10.38,393564.11
Risk Management,Risk and Compliance Operations,Market Risk Management,Analyze Market Exposure,Monitor,Customer Risk Data,Analyze Market Exposure,4279,33.21,862158.31
Risk Management,Risk and Compliance Operations,Market Risk Management,Analyze Market Exposure,Monitor,Customer Risk Data,Analyze Market Exposure,2957,80.16,989518.64
Risk Management,Risk and Compliance Operations,Market Risk Management,Analyze Market Exposure,Monitor,Customer Risk Data,Analyze Market Exposure,1049,26.3,142821.97
Risk Management,Risk and Compliance Operations,Market Risk Management,Analyze Market Exposure,Monitor,Customer Risk Data,Analyze Market Exposure,4747,9.24,216721.63
Risk Management,Risk and Compliance Operations,Market Risk Management,Analyze Market Exposure,Monitor,Customer Risk Data,Analyze Market Exposure,4537,18.7,722068.07
Risk Management,Risk and Compliance Operations,Market Risk Management,Analyze Market Exposure,Monitor,Customer Risk Data,Analyze Market Exposure,6833,83.82,579289.82
Risk Management,Risk and Compliance Operations,Market Risk Management,Analyze Market Exposure,Monitor,Customer Risk Data,Analyze Market Exposure,9704,87.4,53795.43
Risk Management,Risk and Compliance Operations,Market Risk Management,Analyze Market Exposure,Monitor,Customer Risk Data,Analyze Market Exposure,2758,51.6,549064.2
Risk Management,Risk and Compliance Operations,Market Risk Management,Analyze Market Exposure,Monitor,Customer Risk Data,Analyze Market Exposure,6739,95.43,190759.4
Risk Management,Risk and Compliance Operations,Market Risk Management,Analyze Market Exposure,Monitor,Customer Risk Data,Analyze Market Exposure,5784,91.37,803117.45
Risk Management,Risk and Compliance Operations,Market Risk Management,Analyze Market Exposure,Monitor,Customer Risk Data,Analyze Market Exposure,1728,76.12,609405.32
Risk Management,Risk and Compliance Operations,Market Risk Management,Analyze Market Exposure,Monitor,Customer Risk Data,Analyze Market Exposure,5433,41.7,252827.29
Risk Management,Risk and Compliance Operations,Market Risk Management,Analyze Market Exposure,Monitor,Customer Risk Data,Analyze Market Exposure,6310,67.7,239792.48
Risk Management,Risk and Compliance Operations,Market Risk Management,Analyze Market Exposure,Monitor,Customer Risk Data,Analyze Market Exposure,8902,29.11,207111.55
Risk Management,Risk and Compliance Operations,Market Risk Management,Analyze Market Exposure,Monitor,Customer Risk Data,Analyze Market Exposure,4435,77.73,833552.66
Risk Management,Risk and Compliance Operations,Market Risk Management,Analyze Market Exposure,Monitor,Customer Risk Data,Analyze Market Exposure,9109,72.99,985543.03
Risk Management,Risk and Compliance Operations,Market Risk Management,Analyze Market Exposure,Monitor,Customer Risk Data,Analyze Market Exposure,7745,36.26,399528.89
Risk Management,Risk and Compliance Operations,Market Risk Management,Analyze Market Exposure,Monitor,Customer Risk Data,Analyze Market Exposure,1816,75.52,253175.4
Risk Management,Risk and Compliance Operations,Market Risk Management,Analyze Market Exposure,Monitor,Customer Risk Data,Analyze Market Exposure,5342,76.82,810514.7
Risk Management,Risk and Compliance Operations,Market Risk Management,Analyze Market Exposure,Monitor,Customer Risk Data,Analyze Market Exposure,3620,49.7,576818.03
Risk Management,Risk and Compliance Operations,Market Risk Management,Analyze Market Exposure,Monitor,Customer Risk Data,Analyze Market Exposure,5193,62.08,494218.18
Risk Management,Risk and Compliance Operations,Market Risk Management,Analyze Market Exposure,Monitor,Customer Risk Data,Analyze Market Exposure,4878,46.69,119302.69
Risk Management,Risk and Compliance Operations,Market Risk Management,Analyze Market Exposure,Monitor,Customer Risk Data,Analyze Market Exposure,8883,58.06,383474.24
Risk Management,Risk and Compliance Operations,Market Risk Management,Analyze Market Exposure,Monitor,Customer Risk Data,Analyze Market Exposure,5680,82.79,671876.27
Risk Management,Risk and Compliance Operations,Market Risk Management,Analyze Market Exposure,Monitor,Customer Risk Data,Analyze Market Exposure,4525,56.6,130681.78
Risk Management,Risk and Compliance Operations,Market Risk Management,Analyze Market Exposure,Monitor,Customer Risk Data,Analyze Market Exposure,5098,45.33,655336.3
Risk Management,Risk and Compliance Operations,Market Risk Management,Analyze Market Exposure,Monitor,Customer Risk Data,Analyze Market Exposure,9633,76.53,191217.56
Risk Management,Risk and Compliance Operations,Market Risk Management,Analyze Market Exposure,Monitor,Customer Risk Data,Analyze Market Exposure,5283,36.29,927563.73
Risk Management,Risk and Compliance Operations,Market Risk Management,Analyze Market Exposure,Monitor,Customer Risk Data,Analyze Market Exposure,5000,15.4,729791.53
Risk Management,Risk and Compliance Operations,Market Risk Management,Analyze Market Exposure,Monitor,Customer Risk Data,Analyze Market Exposure,1300,15.73,565959.42
Risk Management,Risk and Compliance Operations,Market Risk Management,Analyze Market Exposure,Monitor,Customer Risk Data,Analyze Market Exposure,3765,53.86,158701.38
Risk Management,Risk and Compliance Operations,Market Risk Management,Analyze Market Exposure,Monitor,Customer Risk Data,Analyze Market Exposure,9305,51.55,540094.65
Risk Management,Risk and Compliance Operations,Market Risk Management,Analyze Market Exposure,Monitor,Customer Risk Data,Analyze Market Exposure,6191,91.71,497541.45
Risk Management,Risk and Compliance Operations,Market Risk Management,Analyze Market Exposure,Monitor,Customer Risk Data,Analyze Market Exposure,1488,88.34,652222.51
Risk Management,Risk and Compliance Operations,Market Risk Management,Analyze Market Exposure,Monitor,Customer Risk Data,Analyze Market Exposure,1865,67.87,192343.43
Risk Management,Risk and Compliance Operations,Market Risk Management,Analyze Market Exposure,Monitor,Customer Risk Data,Analyze Market Exposure,8933,48.95,680730.39
Risk Management,Risk and Compliance Operations,Market Risk Management,Analyze Market Exposure,Monitor,Customer Risk Data,Analyze Market Exposure,3388,22.43,848058.31
Risk Management,Risk and Compliance Operations,Market Risk Management,Analyze Market Exposure,Monitor,Customer Risk Data,Analyze Market Exposure,9623,33.46,161827.18
Risk Management,Risk and Compliance Operations,Market Risk Management,Analyze Market Exposure,Monitor,Customer Risk Data,Analyze Market Exposure,1739,17.31,43041.97
Risk Management,Risk and Compliance Operations,Market Risk Management,Analyze Market Exposure,Monitor,Customer Risk Data,Analyze Market Exposure,5115,45.84,937400.68
Risk Management,Risk and Compliance Operations,Market Risk Management,Analyze Market Exposure,Monitor,Customer Risk Data,Analyze Market Exposure,9892,25.2,778223.06
Risk Management,Risk and Compliance Operations,Market Risk Management,Analyze Market Exposure,Monitor,Customer Risk Data,Analyze Market Exposure,6925,16.27,640994.26
Risk Management,Risk and Compliance Operations,Market Risk Management,Analyze Market Exposure,Monitor,Customer Risk Data,Analyze Market Exposure,7815,68.09,135314.32
Risk Management,Risk and Compliance Operations,Market Risk Management,Analyze Market Exposure,Monitor,Customer Risk Data,Analyze Market Exposure,7769,90.68,686065.97
Risk Management,Risk and Compliance Operations,Market Risk Management,Analyze Market Exposure,Monitor,Customer Risk Data,Analyze Market Exposure,1910,58.74,226585.4
Risk Management,Risk and Compliance Operations,Market Risk Management,Analyze Market Exposure,Monitor,Customer Risk Data,Analyze Market Exposure,6557,86.93,918217.23
Risk Management,Risk and Compliance Operations,Market Risk Management,Analyze Market Exposure,Monitor,Customer Risk Data,Analyze Market Exposure,5566,84.53,643838.72
Risk Management,Risk and Compliance Operations,Market Risk Management,Analyze Market Exposure,Monitor,Customer Risk Data,Analyze Market Exposure,9252,76.11,983623.62
Risk Management,Risk and Compliance Operations,Market Risk Management,Analyze Market Exposure,Monitor,Customer Risk Data,Analyze Market Exposure,2335,58.24,854550.67
Risk Management,Risk and Compliance Operations,Market Risk Management,Analyze Market Exposure,Monitor,Customer Risk Data,Analyze Market Exposure,4771,75.13,702442.94
Risk Management,Risk and Compliance Operations,Market Risk Management,Analyze Market Exposure,Monitor,Customer Risk Data,Analyze Market Exposure,3781,91.22,28131.01
Risk Management,Risk and Compliance Operations,Market Risk Management,Analyze Market Exposure,Monitor,Customer Risk Data,Analyze Market Exposure,7985,50.9,492164.44
Risk Management,Risk and Compliance Operations,Market Risk Management,Analyze Market Exposure,Monitor,Customer Risk Data,Analyze Market Exposure,9640,81.47,702668.63
Risk Management,Risk and Compliance Operations,Market Risk Management,Analyze Market Exposure,Monitor,Customer Risk Data,Analyze Market Exposure,9321,71.36,300740.58
Risk Management,Risk and Compliance Operations,Market Risk Management,Analyze Market Exposure,Monitor,Customer Risk Data,Analyze Market Exposure,8667,1.17,64750.49
Risk Management,Risk and Compliance Operations,Market Risk Management,Analyze Market Exposure,Monitor,Customer Risk Data,Analyze Market Exposure,8082,87.11,802297.69
Risk Management,Risk and Compliance Operations,Market Risk Management,Analyze Market Exposure,Monitor,Customer Risk Data,Analyze Market Exposure,8174,11.29,157978.37
Risk Management,Risk and Compliance Operations,Market Risk Management,Analyze Market Exposure,Monitor,Customer Risk Data,Analyze Market Exposure,8233,1.96,622195.07
Risk Management,Risk and Compliance Operations,Market Risk Management,Analyze Market Exposure,Monitor,Customer Risk Data,Analyze Market Exposure,6099,14.78,142226.94
Risk Management,Risk and Compliance Operations,Market Risk Management,Analyze Market Exposure,Monitor,Customer Risk Data,Analyze Market Exposure,1402,96.43,986108.99
Risk Management,Risk and Compliance Operations,Market Risk Management,Analyze Market Exposure,Monitor,Customer Risk Data,Analyze Market Exposure,4145,4.54,767636.08
Risk Management,Risk and Compliance Operations,Market Risk Management,Analyze Market Exposure,Monitor,Customer Risk Data,Analyze Market Exposure,9791,47.23,249776.78
Risk Management,Risk and Compliance Operations,Market Risk Management,Analyze Market Exposure,Monitor,Customer Risk Data,Analyze Market Exposure,4263,28.68,548045.54
Risk Management,Risk and Compliance Operations,Market Risk Management,Analyze Market Exposure,Monitor,Customer Risk Data,Analyze Market Exposure,5694,62.85,610683.31
Risk Management,Risk and Compliance Operations,Market Risk Management,Analyze Market Exposure,Monitor,Customer Risk Data,Analyze Market Exposure,7100,21.18,914022.67
Risk Management,Risk and Compliance Operations,Market Risk Management,Analyze Market Exposure,Monitor,Customer Risk Data,Analyze Market Exposure,1604,97.5,609566.16
Risk Management,Risk and Compliance Operations,Market Risk Management,Analyze Market Exposure,Monitor,Customer Risk Data,Analyze Market Exposure,3312,18.85,103365.36
Risk Management,Risk and Compliance Operations,Market Risk Management,Analyze Market Exposure,Monitor,Customer Risk Data,Analyze Market Exposure,7024,35.48,222928.06
Risk Management,Risk and Compliance Operations,Market Risk Management,Analyze Market Exposure,Monitor,Customer Risk Data,Analyze Market Exposure,9695,33.81,181267.74
Risk Management,Risk and Compliance Operations,Market Risk Management,Analyze Market Exposure,Monitor,Customer Risk Data,Analyze Market Exposure,8844,57.57,905083.41
Risk Management,Risk and Compliance Operations,Market Risk Management,Analyze Market Exposure,Monitor,Customer Risk Data,Analyze Market Exposure,5435,6.89,162790.6
Risk Management,Risk and Compliance Operations,Market Risk Management,Analyze Market Exposure,Monitor,Customer Risk Data,Analyze Market Exposure,4765,92.92,23613.05
Risk Management,Risk and Compliance Operations,Market Risk Management,Analyze Market Exposure,Monitor,Customer Risk Data,Analyze Market Exposure,7366,66.2,137317.73
Risk Management,Risk and Compliance Operations,Market Risk Management,Analyze Market Exposure,Monitor,Customer Risk Data,Analyze Market Exposure,3188,82.03,766361.04
Risk Management,Risk and Compliance Operations,Market Risk Management,Analyze Market Exposure,Monitor,Customer Risk Data,Analyze Market Exposure,4513,75.72,696085.97
Risk Management,Risk and Compliance Operations,Market Risk Management,Analyze Market Exposure,Monitor,Customer Risk Data,Analyze Market Exposure,5859,17.41,966234.63
Risk Management,Risk and Compliance Operations,Market Risk Management,Analyze Market Exposure,Monitor,Customer Risk Data,Analyze Market Exposure,3778,88.1,174083.51
Risk Management,Risk and Compliance Operations,Market Risk Management,Analyze Market Exposure,Monitor,Customer Risk Data,Analyze Market Exposure,9184,69.24,183345.23
Risk Management,Risk and Compliance Operations,Market Risk Management,Analyze Market Exposure,Monitor,Customer Risk Data,Analyze Market Exposure,8873,87.63,438431.56
Risk Management,Risk and Compliance Operations,Market Risk Management,Analyze Market Exposure,Monitor,Customer Risk Data,Analyze Market Exposure,7320,44.21,776194.03
Risk Management,Risk and Compliance Operations,Market Risk Management,Analyze Market Exposure,Monitor,Customer Risk Data,Analyze Market Exposure,2002,23.53,351661.06
Risk Management,Risk and Compliance Operations,Market Risk Management,Analyze Market Exposure,Monitor,Customer Risk Data,Analyze Market Exposure,6367,20.16,62539.04
Risk Management,Risk and Compliance Operations,Market Risk Management,Analyze Market Exposure,Monitor,Customer Risk Data,Analyze Market Exposure,2486,19.07,296469.07
Risk Management,Risk and Compliance Operations,Market Risk Management,Analyze Market Exposure,Monitor,Customer Risk Data,Analyze Market Exposure,7834,1.05,676444.86
Risk Management,Risk and Compliance Operations,Market Risk Management,Analyze Market Exposure,Monitor,Customer Risk Data,Analyze Market Exposure,6341,48.46,557627.63
Risk Management,Risk and Compliance Operations,Market Risk Management,Analyze Market Exposure,Monitor,Customer Risk Data,Analyze Market Exposure,4398,89.43,985490.92
Risk Management,Risk and Compliance Operations,Market Risk Management,Analyze Market Exposure,Monitor,Customer Risk Data,Analyze Market Exposure,6972,70.67,735329.51
Risk Management,Risk and Compliance Operations,Market Risk Management,Analyze Market Exposure,Monitor,Customer Risk Data,Analyze Market Exposure,3080,87.35,415888.17
Risk Management,Risk and Compliance Operations,Market Risk Management,Analyze Market Exposure,Monitor,Customer Risk Data,Analyze Market Exposure,8188,26.09,911790.18
Risk Management,Risk and Compliance Operations,Market Risk Management,Analyze Market Exposure,Monitor,Customer Risk Data,Analyze Market Exposure,2022,31.53,95240.68
Risk Management,Risk and Compliance Operations,Market Risk Management,Analyze Market Exposure,Monitor,Customer Risk Data,Analyze Market Exposure,2775,97.34,498036.04
Risk Management,Risk and Compliance Operations,Market Risk Management,Analyze Market Exposure,Monitor,Customer Risk Data,Analyze Market Exposure,7588,27.37,347559.83
Risk Management,Risk and Compliance Operations,Market Risk Management,Analyze Market Exposure,Monitor,Customer Risk Data,Analyze Market Exposure,3129,29.64,737989.62
Risk Management,Risk and Compliance Operations,Market Risk Management,Analyze Market Exposure,Monitor,Customer Risk Data,Analyze Market Exposure,6453,76.79,143585.67
Risk Management,Risk and Compliance Operations,Market Risk Management,Analyze Market Exposure,Monitor,Customer Risk Data,Analyze Market Exposure,4841,40.24,734385.96
Risk Management,Risk and Compliance Operations,Market Risk Management,Analyze Market Exposure,Monitor,Customer Risk Data,Analyze Market Exposure,4744,8.45,208221.67
Risk Management,Risk and Compliance Operations,Market Risk Management,Analyze Market Exposure,Monitor,Customer Risk Data,Analyze Market Exposure,9721,73.6,215362.28
Risk Management,Risk and Compliance Operations,Market Risk Management,Analyze Market Exposure,Monitor,Customer Risk Data,Analyze Market Exposure,8489,49.0,239626.79
Risk Management,Risk and Compliance Operations,Market Risk Management,Analyze Market Exposure,Monitor,Customer Risk Data,Analyze Market Exposure,5519,78.51,968393.43
Risk Management,Risk and Compliance Operations,Market Risk Management,Analyze Market Exposure,Monitor,Customer Risk Data,Analyze Market Exposure,4123,22.07,489390.39
Risk Management,Risk and Compliance Operations,Market Risk Management,Analyze Market Exposure,Monitor,Customer Risk Data,Analyze Market Exposure,3031,68.5,991108.59
Risk Management,Risk and Compliance Operations,Market Risk Management,Analyze Market Exposure,Monitor,Customer Risk Data,Analyze Market Exposure,9763,9.39,181715.84
Risk Management,Risk and Compliance Operations,Market Risk Management,Analyze Market Exposure,Monitor,Customer Risk Data,Analyze Market Exposure,2493,43.55,219877.92
Risk Management,Risk and Compliance Operations,Market Risk Management,Analyze Market Exposure,Monitor,Customer Risk Data,Analyze Market Exposure,3128,14.2,37877.38
Risk Management,Risk and Compliance Operations,Market Risk Management,Analyze Market Exposure,Monitor,Customer Risk Data,Analyze Market Exposure,4402,39.41,742839.7
Risk Management,Risk and Compliance Operations,Market Risk Management,Analyze Market Exposure,Monitor,Customer Risk Data,Analyze Market Exposure,5729,46.58,603294.27
Risk Management,Risk and Compliance Operations,Market Risk Management,Analyze Market Exposure,Monitor,Customer Risk Data,Analyze Market Exposure,6561,91.32,872884.42
Risk Management,Risk and Compliance Operations,Market Risk Management,Analyze Market Exposure,Monitor,Customer Risk Data,Analyze Market Exposure,3277,15.88,736068.83
Risk Management,Risk and Compliance Operations,Market Risk Management,Analyze Market Exposure,Monitor,Customer Risk Data,Analyze Market Exposure,7630,13.83,599808.9
Risk Management,Risk and Compliance Operations,Market Risk Management,Analyze Market Exposure,Monitor,Customer Risk Data,Analyze Market Exposure,8058,39.46,242832.61
Risk Management,Risk and Compliance Operations,Market Risk Management,Analyze Market Exposure,Monitor,Customer Risk Data,Analyze Market Exposure,7344,63.66,553214.83
Risk Management,Risk and Compliance Operations,Market Risk Management,Analyze Market Exposure,Monitor,Customer Risk Data,Analyze Market Exposure,5408,28.7,313886.42
Risk Management,Risk and Compliance Operations,Market Risk Management,Analyze Market Exposure,Monitor,Customer Risk Data,Analyze Market Exposure,8887,50.4,576424.67
Risk Management,Risk and Compliance Operations,Market Risk Management,Analyze Market Exposure,Monitor,Customer Risk Data,Analyze Market Exposure,5318,25.9,936507.09
Risk Management,Risk and Compliance Operations,Market Risk Management,Analyze Market Exposure,Monitor,Customer Risk Data,Analyze Market Exposure,1077,53.92,921388.45
Risk Management,Risk and Compliance Operations,Market Risk Management,Analyze Market Exposure,Monitor,Customer Risk Data,Analyze Market Exposure,2100,9.63,129010.58
Risk Management,Risk and Compliance Operations,Market Risk Management,Analyze Market Exposure,Monitor,Customer Risk Data,Analyze Market Exposure,9729,40.65,708082.45
Risk Management,Risk and Compliance Operations,Market Risk Management,Analyze Market Exposure,Monitor,Customer Risk Data,Analyze Market Exposure,5815,13.14,375394.45
Risk Management,Risk and Compliance Operations,Market Risk Management,Analyze Market Exposure,Monitor,Customer Risk Data,Analyze Market Exposure,7250,34.33,938702.03
Risk Management,Risk and Compliance Operations,Market Risk Management,Analyze Market Exposure,Monitor,Customer Risk Data,Analyze Market Exposure,1393,61.39,992614.33
Risk Management,Risk and Compliance Operations,Market Risk Management,Analyze Market Exposure,Monitor,Customer Risk Data,Analyze Market Exposure,9399,15.79,617537.29
Risk Management,Risk and Compliance Operations,Market Risk Management,Analyze Market Exposure,Monitor,Customer Risk Data,Analyze Market Exposure,3635,36.47,355636.35
Risk Management,Risk and Compliance Operations,Market Risk Management,Analyze Market Exposure,Monitor,Customer Risk Data,Analyze Market Exposure,4496,92.05,268896.23
Risk Management,Risk and Compliance Operations,Market Risk Management,Analyze Market Exposure,Monitor,Customer Risk Data,Analyze Market Exposure,8571,74.32,772652.06
Risk Management,Risk and Compliance Operations,Market Risk Management,Analyze Market Exposure,Monitor,Customer Risk Data,Analyze Market Exposure,7429,44.68,913780.34
Risk Management,Risk and Compliance Operations,Market Risk Management,Analyze Market Exposure,Monitor,Customer Risk Data,Analyze Market Exposure,2450,77.06,864411.86
Risk Management,Risk and Compliance Operations,Market Risk Management,Analyze Market Exposure,Monitor,Customer Risk Data,Analyze Market Exposure,1558,0.65,57678.25
Risk Management,Risk and Compliance Operations,Market Risk Management,Analyze Market Exposure,Monitor,Customer Risk Data,Analyze Market Exposure,3908,34.04,312610.59
Risk Management,Risk and Compliance Operations,Market Risk Management,Analyze Market Exposure,Monitor,Customer Risk Data,Analyze Market Exposure,7492,95.88,934907.12
Risk Management,Risk and Compliance Operations,Market Risk Management,Analyze Market Exposure,Monitor,Customer Risk Data,Analyze Market Exposure,4967,55.66,134891.72
Risk Management,Risk and Compliance Operations,Market Risk Management,Analyze Market Exposure,Monitor,Customer Risk Data,Analyze Market Exposure,5759,69.04,102435.04
Risk Management,Risk and Compliance Operations,Market Risk Management,Analyze Market Exposure,Monitor,Customer Risk Data,Analyze Market Exposure,5395,62.61,285160.02
Risk Management,Risk and Compliance Operations,Market Risk Management,Analyze Market Exposure,Monitor,Customer Risk Data,Analyze Market Exposure,5785,60.08,406692.45
Risk Management,Risk and Compliance Operations,Market Risk Management,Analyze Market Exposure,Monitor,Customer Risk Data,Analyze Market Exposure,2644,42.69,681640.95
Risk Management,Risk and Compliance Operations,Market Risk Management,Analyze Market Exposure,Monitor,Customer Risk Data,Analyze Market Exposure,4529,17.83,707588.31
Risk Management,Risk and Compliance Operations,Market Risk Management,Analyze Market Exposure,Monitor,Customer Risk Data,Analyze Market Exposure,5593,44.94,840332.75
Risk Management,Risk and Compliance Operations,Market Risk Management,Analyze Market Exposure,Monitor,Customer Risk Data,Analyze Market Exposure,7862,31.8,421183.4
Risk Management,Risk and Compliance Operations,Market Risk Management,Analyze Market Exposure,Monitor,Customer Risk Data,Analyze Market Exposure,4037,41.43,707158.77
Risk Management,Risk and Compliance Operations,Market Risk Management,Analyze Market Exposure,Monitor,Customer Risk Data,Analyze Market Exposure,6875,34.12,582446.95
Risk Management,Risk and Compliance Operations,Market Risk Management,Analyze Market Exposure,Monitor,Customer Risk Data,Analyze Market Exposure,4879,71.68,284555.68
Risk Management,Risk and Compliance Operations,Market Risk Management,Analyze Market Exposure,Monitor,Customer Risk Data,Analyze Market Exposure,9649,83.44,459421.58
Risk Management,Risk and Compliance Operations,Market Risk Management,Analyze Market Exposure,Monitor,Customer Risk Data,Analyze Market Exposure,6615,25.32,506426.53
Risk Management,Risk and Compliance Operations,Market Risk Management,Analyze Market Exposure,Monitor,Customer Risk Data,Analyze Market Exposure,8504,72.39,258375.96
Risk Management,Risk and Compliance Operations,Market Risk Management,Analyze Market Exposure,Monitor,Customer Risk Data,Analyze Market Exposure,7783,96.69,299057.32
Risk Management,Risk and Compliance Operations,Market Risk Management,Analyze Market Exposure,Monitor,Customer Risk Data,Analyze Market Exposure,5589,73.96,210045.19
Risk Management,Risk and Compliance Operations,Market Risk Management,Analyze Market Exposure,Monitor,Customer Risk Data,Analyze Market Exposure,4772,11.29,112965.79
Risk Management,Risk and Compliance Operations,Market Risk Management,Analyze Market Exposure,Monitor,Customer Risk Data,Analyze Market Exposure,3859,82.96,416451.05
Risk Management,Risk and Compliance Operations,Market Risk Management,Analyze Market Exposure,Monitor,Customer Risk Data,Analyze Market Exposure,8244,85.84,660550.32
Risk Management,Risk and Compliance Operations,Market Risk Management,Analyze Market Exposure,Monitor,Customer Risk Data,Analyze Market Exposure,5263,91.62,640908.16
Risk Management,Risk and Compliance Operations,Market Risk Management,Analyze Market Exposure,Monitor,Customer Risk Data,Analyze Market Exposure,1889,84.81,524802.82
Risk Management,Risk and Compliance Operations,Market Risk Management,Analyze Market Exposure,Monitor,Customer Risk Data,Analyze Market Exposure,7526,78.63,894446.89
Risk Management,Risk and Compliance Operations,Market Risk Management,Analyze Market Exposure,Monitor,Customer Risk Data,Analyze Market Exposure,3438,62.6,617378.82
Risk Management,Risk and Compliance Operations,Market Risk Management,Analyze Market Exposure,Monitor,Customer Risk Data,Analyze Market Exposure,4564,28.49,718113.53
Risk Management,Risk and Compliance Operations,Market Risk Management,Analyze Market Exposure,Monitor,Customer Risk Data,Analyze Market Exposure,5630,58.1,289331.38
Risk Management,Risk and Compliance Operations,Market Risk Management,Analyze Market Exposure,Monitor,Customer Risk Data,Analyze Market Exposure,4917,2.89,818599.88
Risk Management,Risk and Compliance Operations,Market Risk Management,Analyze Market Exposure,Monitor,Customer Risk Data,Analyze Market Exposure,8952,79.08,442546.82
Risk Management,Risk and Compliance Operations,Market Risk Management,Analyze Market Exposure,Monitor,Customer Risk Data,Analyze Market Exposure,5443,71.32,810290.2
Risk Management,Risk and Compliance Operations,Market Risk Management,Analyze Market Exposure,Monitor,Customer Risk Data,Analyze Market Exposure,7198,49.96,92821.48
Risk Management,Risk and Compliance Operations,Market Risk Management,Analyze Market Exposure,Monitor,Customer Risk Data,Analyze Market Exposure,3145,97.44,54543.3
Risk Management,Risk and Compliance Operations,Market Risk Management,Analyze Market Exposure,Monitor,Customer Risk Data,Analyze Market Exposure,5698,69.46,267243.42
Risk Management,Risk and Compliance Operations,Market Risk Management,Analyze Market Exposure,Monitor,Customer Risk Data,Analyze Market Exposure,1453,24.89,596441.83
Risk Management,Risk and Compliance Operations,Market Risk Management,Analyze Market Exposure,Monitor,Customer Risk Data,Analyze Market Exposure,9306,29.0,959182.69
Risk Management,Risk and Compliance Operations,Market Risk Management,Analyze Market Exposure,Monitor,Customer Risk Data,Analyze Market Exposure,3717,6.72,192196.71
Risk Management,Risk and Compliance Operations,Market Risk Management,Analyze Market Exposure,Monitor,Customer Risk Data,Analyze Market Exposure,4808,30.26,640136.88
Risk Management,Risk and Compliance Operations,Market Risk Management,Analyze Market Exposure,Monitor,Customer Risk Data,Analyze Market Exposure,5424,29.68,255617.44
Risk Management,Risk and Compliance Operations,Market Risk Management,Analyze Market Exposure,Monitor,Customer Risk Data,Analyze Market Exposure,6332,95.67,976399.85
Risk Management,Risk and Compliance Operations,Market Risk Management,Analyze Market Exposure,Monitor,Customer Risk Data,Analyze Market Exposure,8020,4.74,921912.55
Risk Management,Risk and Compliance Operations,Market Risk Management,Analyze Market Exposure,Monitor,Customer Risk Data,Analyze Market Exposure,6232,93.8,67275.75
Risk Management,Risk and Compliance Operations,Market Risk Management,Analyze Market Exposure,Monitor,Customer Risk Data,Analyze Market Exposure,9603,46.34,25841.42
Risk Management,Risk and Compliance Operations,Market Risk Management,Analyze Market Exposure,Monitor,Customer Risk Data,Analyze Market Exposure,1025,13.06,288754.1
Risk Management,Risk and Compliance Operations,Market Risk Management,Analyze Market Exposure,Monitor,Customer Risk Data,Analyze Market Exposure,3115,33.93,856656.66
Risk Management,Risk and Compliance Operations,Market Risk Management,Analyze Market Exposure,Monitor,Customer Risk Data,Analyze Market Exposure,2452,79.85,705628.69
Risk Management,Risk and Compliance Operations,Market Risk Management,Analyze Market Exposure,Monitor,Customer Risk Data,Analyze Market Exposure,1680,4.94,293438.46
Risk Management,Risk and Compliance Operations,Market Risk Management,Analyze Market Exposure,Monitor,Customer Risk Data,Analyze Market Exposure,5973,53.71,847122.99
Risk Management,Risk and Compliance Operations,Market Risk Management,Analyze Market Exposure,Monitor,Customer Risk Data,Analyze Market Exposure,5324,4.29,179824.23
Risk Management,Risk and Compliance Operations,Market Risk Management,Analyze Market Exposure,Monitor,Customer Risk Data,Analyze Market Exposure,3257,85.71,183395.3
Risk Management,Risk and Compliance Operations,Market Risk Management,Analyze Market Exposure,Monitor,Customer Risk Data,Analyze Market Exposure,5337,85.26,97534.63
Risk Management,Risk and Compliance Operations,Market Risk Management,Analyze Market Exposure,Monitor,Customer Risk Data,Analyze Market Exposure,3015,41.43,366954.2
Risk Management,Risk and Compliance Operations,Market Risk Management,Analyze Market Exposure,Monitor,Customer Risk Data,Analyze Market Exposure,2112,40.64,927908.96
Risk Management,Risk and Compliance Operations,Market Risk Management,Analyze Market Exposure,Monitor,Customer Risk Data,Analyze Market Exposure,2928,63.3,253745.12
Risk Management,Risk and Compliance Operations,Market Risk Management,Analyze Market Exposure,Monitor,Customer Risk Data,Analyze Market Exposure,7082,2.53,723003.19
Risk Management,Risk and Compliance Operations,Market Risk Management,Analyze Market Exposure,Monitor,Customer Risk Data,Analyze Market Exposure,3713,1.99,511154.58
Risk Management,Risk and Compliance Operations,Market Risk Management,Analyze Market Exposure,Monitor,Customer Risk Data,Analyze Market Exposure,2960,0.91,726332.64
Risk Management,Risk and Compliance Operations,Market Risk Management,Analyze Market Exposure,Monitor,Customer Risk Data,Analyze Market Exposure,5930,2.67,864074.62
Risk Management,Risk and Compliance Operations,Market Risk Management,Analyze Market Exposure,Monitor,Customer Risk Data,Analyze Market Exposure,1619,29.74,444864.12
Risk Management,Risk and Compliance Operations,Market Risk Management,Analyze Market Exposure,Monitor,Customer Risk Data,Analyze Market Exposure,3338,35.98,200604.35
Risk Management,Risk and Compliance Operations,Market Risk Management,Analyze Market Exposure,Monitor,Customer Risk Data,Analyze Market Exposure,5496,67.22,613717.44
Risk Management,Risk and Compliance Operations,Market Risk Management,Analyze Market Exposure,Monitor,Customer Risk Data,Analyze Market Exposure,5557,45.5,428241.75
Risk Management,Risk and Compliance Operations,Market Risk Management,Analyze Market Exposure,Monitor,Customer Risk Data,Analyze Market Exposure,9709,31.85,444034.08
Risk Management,Risk and Compliance Operations,Market Risk Management,Analyze Market Exposure,Monitor,Customer Risk Data,Analyze Market Exposure,6025,89.64,231651.08
Risk Management,Risk and Compliance Operations,Market Risk Management,Analyze Market Exposure,Monitor,Customer Risk Data,Analyze Market Exposure,5712,1.29,831530.17
Risk Management,Risk and Compliance Operations,Market Risk Management,Analyze Market Exposure,Monitor,Customer Risk Data,Analyze Market Exposure,2273,58.27,465691.59
Risk Management,Risk and Compliance Operations,Market Risk Management,Analyze Market Exposure,Monitor,Customer Risk Data,Analyze Market Exposure,9413,59.55,993825.15
Risk Management,Risk and Compliance Operations,Market Risk Management,Analyze Market Exposure,Monitor,Customer Risk Data,Analyze Market Exposure,8330,49.25,752257.5
Risk Management,Risk and Compliance Operations,Market Risk Management,Analyze Market Exposure,Monitor,Customer Risk Data,Analyze Market Exposure,8806,14.02,885485.28
Risk Management,Risk and Compliance Operations,Market Risk Management,Analyze Market Exposure,Monitor,Customer Risk Data,Analyze Market Exposure,1861,12.52,899926.6
Risk Management,Risk and Compliance Operations,Market Risk Management,Analyze Market Exposure,Monitor,Customer Risk Data,Analyze Market Exposure,9860,0.94,606203.17
Risk Management,Risk and Compliance Operations,Market Risk Management,Analyze Market Exposure,Monitor,Customer Risk Data,Analyze Market Exposure,6913,79.59,279837.01
Risk Management,Risk and Compliance Operations,Market Risk Management,Analyze Market Exposure,Monitor,Customer Risk Data,Analyze Market Exposure,9931,58.55,507660.93
Risk Management,Risk and Compliance Operations,Market Risk Management,Analyze Market Exposure,Monitor,Customer Risk Data,Analyze Market Exposure,8081,13.49,995247.07
Risk Management,Risk and Compliance Operations,Market Risk Management,Analyze Market Exposure,Monitor,Customer Risk Data,Analyze Market Exposure,7319,20.44,247847.46
Risk Management,Risk and Compliance Operations,Market Risk Management,Analyze Market Exposure,Monitor,Customer Risk Data,Analyze Market Exposure,9430,72.56,768321.93
Risk Management,Risk and Compliance Operations,Market Risk Management,Analyze Market Exposure,Monitor,Customer Risk Data,Analyze Market Exposure,3320,53.43,162210.4
Risk Management,Risk and Compliance Operations,Market Risk Management,Analyze Market Exposure,Monitor,Customer Risk Data,Analyze Market Exposure,6118,9.52,632353.63
Risk Management,Risk and Compliance Operations,Market Risk Management,Analyze Market Exposure,Monitor,Customer Risk Data,Analyze Market Exposure,2612,4.76,181286.02
Risk Management,Risk and Compliance Operations,Market Risk Management,Analyze Market Exposure,Monitor,Customer Risk Data,Analyze Market Exposure,9805,60.81,705445.4
Risk Management,Risk and Compliance Operations,Market Risk Management,Analyze Market Exposure,Monitor,Customer Risk Data,Analyze Market Exposure,1785,90.82,167358.7
Risk Management,Risk and Compliance Operations,Market Risk Management,Analyze Market Exposure,Monitor,Customer Risk Data,Analyze Market Exposure,1600,58.23,698285.97
Risk Management,Risk and Compliance Operations,Market Risk Management,Analyze Market Exposure,Monitor,Customer Risk Data,Analyze Market Exposure,8957,67.74,657512.24
Risk Management,Risk and Compliance Operations,Market Risk Management,Analyze Market Exposure,Monitor,Customer Risk Data,Analyze Market Exposure,4248,61.97,341304.17
Risk Management,Risk and Compliance Operations,Market Risk Management,Analyze Market Exposure,Monitor,Customer Risk Data,Analyze Market Exposure,2322,2.04,831372.06
Risk Management,Risk and Compliance Operations,Market Risk Management,Analyze Market Exposure,Monitor,Customer Risk Data,Analyze Market Exposure,8462,30.31,415041.99
Risk Management,Risk and Compliance Operations,Market Risk Management,Analyze Market Exposure,Monitor,Customer Risk Data,Analyze Market Exposure,3139,27.56,112055.08
Risk Management,Risk and Compliance Operations,Market Risk Management,Analyze Market Exposure,Monitor,Customer Risk Data,Analyze Market Exposure,3452,86.05,821933.77
Risk Management,Risk and Compliance Operations,Market Risk Management,Analyze Market Exposure,Monitor,Customer Risk Data,Analyze Market Exposure,8065,69.07,547436.36
Risk Management,Risk and Compliance Operations,Market Risk Management,Analyze Market Exposure,Monitor,Customer Risk Data,Analyze Market Exposure,2355,43.79,596118.12
Risk Management,Risk and Compliance Operations,Market Risk Management,Analyze Market Exposure,Monitor,Customer Risk Data,Analyze Market Exposure,1367,77.8,348588.23
Risk Management,Risk and Compliance Operations,Market Risk Management,Analyze Market Exposure,Monitor,Customer Risk Data,Analyze Market Exposure,7943,34.98,973487.57
Risk Management,Risk and Compliance Operations,Market Risk Management,Analyze Market Exposure,Monitor,Customer Risk Data,Analyze Market Exposure,2567,15.03,887376.58
Risk Management,Risk and Compliance Operations,Market Risk Management,Analyze Market Exposure,Monitor,Customer Risk Data,Analyze Market Exposure,8140,97.48,331357.49
Risk Management,Risk and Compliance Operations,Market Risk Management,Analyze Market Exposure,Monitor,Customer Risk Data,Analyze Market Exposure,6718,94.93,279450.75
Risk Management,Risk and Compliance Operations,Market Risk Management,Analyze Market Exposure,Monitor,Customer Risk Data,Analyze Market Exposure,4139,59.51,160085.94
Risk Management,Risk and Compliance Operations,Market Risk Management,Analyze Market Exposure,Monitor,Customer Risk Data,Analyze Market Exposure,8732,51.65,10696.98
Risk Management,Risk and Compliance Operations,Market Risk Management,Analyze Market Exposure,Monitor,Customer Risk Data,Analyze Market Exposure,9393,28.06,100505.74
Risk Management,Risk and Compliance Operations,Market Risk Management,Analyze Market Exposure,Monitor,Customer Risk Data,Analyze Market Exposure,7281,20.35,735691.06
Risk Management,Risk and Compliance Operations,Market Risk Management,Analyze Market Exposure,Monitor,Customer Risk Data,Analyze Market Exposure,9627,3.87,379934.01
Risk Management,Risk and Compliance Operations,Market Risk Management,Analyze Market Exposure,Monitor,Customer Risk Data,Analyze Market Exposure,6900,77.25,52763.26
Risk Management,Risk and Compliance Operations,Market Risk Management,Analyze Market Exposure,Monitor,Customer Risk Data,Analyze Market Exposure,5918,76.93,920786.91
Risk Management,Risk and Compliance Operations,Market Risk Management,Analyze Market Exposure,Monitor,Customer Risk Data,Analyze Market Exposure,3770,16.51,86046.78
Risk Management,Risk and Compliance Operations,Market Risk Management,Analyze Market Exposure,Monitor,Customer Risk Data,Analyze Market Exposure,4257,57.07,205324.01
Risk Management,Risk and Compliance Operations,Market Risk Management,Analyze Market Exposure,Monitor,Customer Risk Data,Analyze Market Exposure,7711,50.57,253083.56
Risk Management,Risk and Compliance Operations,Market Risk Management,Analyze Market Exposure,Monitor,Customer Risk Data,Analyze Market Exposure,4559,38.79,482526.06
Risk Management,Risk and Compliance Operations,Market Risk Management,Analyze Market Exposure,Monitor,Customer Risk Data,Analyze Market Exposure,9531,65.63,209346.65
Risk Management,Risk and Compliance Operations,Market Risk Management,Analyze Market Exposure,Monitor,Customer Risk Data,Analyze Market Exposure,4260,85.07,425830.59
Risk Management,Risk and Compliance Operations,Market Risk Management,Analyze Market Exposure,Monitor,Customer Risk Data,Analyze Market Exposure,3533,13.81,734695.89
Risk Management,Risk and Compliance Operations,Market Risk Management,Analyze Market Exposure,Monitor,Customer Risk Data,Analyze Market Exposure,5183,7.76,160927.54
Risk Management,Risk and Compliance Operations,Market Risk Management,Analyze Market Exposure,Monitor,Customer Risk Data,Analyze Market Exposure,6278,89.52,698409.58
Risk Management,Risk and Compliance Operations,Market Risk Management,Analyze Market Exposure,Monitor,Customer Risk Data,Analyze Market Exposure,9885,57.87,98004.37
Risk Management,Risk and Compliance Operations,Market Risk Management,Analyze Market Exposure,Monitor,Customer Risk Data,Analyze Market Exposure,8870,43.0,102981.95
Risk Management,Risk and Compliance Operations,Market Risk Management,Analyze Market Exposure,Monitor,Customer Risk Data,Analyze Market Exposure,1334,87.12,617004.36
Risk Management,Risk and Compliance Operations,Market Risk Management,Analyze Market Exposure,Monitor,Customer Risk Data,Analyze Market Exposure,6993,6.53,124984.15
Risk Management,Risk and Compliance Operations,Market Risk Management,Analyze Market Exposure,Monitor,Customer Risk Data,Analyze Market Exposure,4524,99.64,210938.67
Risk Management,Risk and Compliance Operations,Market Risk Management,Analyze Market Exposure,Monitor,Customer Risk Data,Analyze Market Exposure,2850,74.25,55597.58
Risk Management,Risk and Compliance Operations,Market Risk Management,Analyze Market Exposure,Monitor,Customer Risk Data,Analyze Market Exposure,2697,51.37,850407.84
Risk Management,Risk and Compliance Operations,Market Risk Management,Analyze Market Exposure,Monitor,Customer Risk Data,Analyze Market Exposure,7346,34.99,249885.54
Risk Management,Risk and Compliance Operations,Market Risk Management,Analyze Market Exposure,Monitor,Customer Risk Data,Analyze Market Exposure,4498,46.43,214482.28
Risk Management,Risk and Compliance Operations,Market Risk Management,Analyze Market Exposure,Monitor,Customer Risk Data,Analyze Market Exposure,6926,39.66,899529.55
Risk Management,Risk and Compliance Operations,Market Risk Management,Analyze Market Exposure,Monitor,Customer Risk Data,Analyze Market Exposure,1769,21.66,585719.22
Risk Management,Risk and Compliance Operations,Market Risk Management,Analyze Market Exposure,Monitor,Customer Risk Data,Analyze Market Exposure,3543,43.35,80923.11
Risk Management,Risk and Compliance Operations,Market Risk Management,Analyze Market Exposure,Monitor,Customer Risk Data,Analyze Market Exposure,8074,5.28,726960.07
Risk Management,Risk and Compliance Operations,Market Risk Management,Analyze Market Exposure,Monitor,Customer Risk Data,Analyze Market Exposure,1002,4.42,730407.52
Risk Management,Risk and Compliance Operations,Market Risk Management,Analyze Market Exposure,Monitor,Customer Risk Data,Analyze Market Exposure,9630,61.39,230520.73
Risk Management,Risk and Compliance Operations,Market Risk Management,Analyze Market Exposure,Monitor,Customer Risk Data,Analyze Market Exposure,8041,68.61,68725.31
Risk Management,Risk and Compliance Operations,Market Risk Management,Analyze Market Exposure,Monitor,Customer Risk Data,Analyze Market Exposure,4192,66.78,917877.33
Risk Management,Risk and Compliance Operations,Market Risk Management,Analyze Market Exposure,Monitor,Customer Risk Data,Analyze Market Exposure,6647,26.41,703788.5
Risk Management,Risk and Compliance Operations,Market Risk Management,Analyze Market Exposure,Monitor,Customer Risk Data,Analyze Market Exposure,5151,28.98,918820.76
Risk Management,Risk and Compliance Operations,Market Risk Management,Analyze Market Exposure,Monitor,Customer Risk Data,Analyze Market Exposure,6028,13.08,666234.83
Risk Management,Risk and Compliance Operations,Market Risk Management,Analyze Market Exposure,Monitor,Customer Risk Data,Analyze Market Exposure,2871,61.64,299353.09
Risk Management,Risk and Compliance Operations,Market Risk Management,Analyze Market Exposure,Monitor,Customer Risk Data,Analyze Market Exposure,7504,90.37,776160.93
Risk Management,Risk and Compliance Operations,Market Risk Management,Analyze Market Exposure,Monitor,Customer Risk Data,Analyze Market Exposure,7705,59.98,56666.41
Risk Management,Risk and Compliance Operations,Market Risk Management,Analyze Market Exposure,Monitor,Customer Risk Data,Analyze Market Exposure,9719,1.47,201466.37
Risk Management,Risk and Compliance Operations,Market Risk Management,Analyze Market Exposure,Monitor,Customer Risk Data,Analyze Market Exposure,2108,87.39,77009.38
Risk Management,Risk and Compliance Operations,Market Risk Management,Analyze Market Exposure,Monitor,Customer Risk Data,Analyze Market Exposure,2379,70.53,419011.52
Risk Management,Risk and Compliance Operations,Market Risk Management,Analyze Market Exposure,Monitor,Customer Risk Data,Analyze Market Exposure,9030,60.4,756451.6
Risk Management,Risk and Compliance Operations,Market Risk Management,Analyze Market Exposure,Monitor,Customer Risk Data,Analyze Market Exposure,9239,0.1,242457.04
Risk Management,Risk and Compliance Operations,Market Risk Management,Analyze Market Exposure,Monitor,Customer Risk Data,Analyze Market Exposure,7609,15.67,742773.8
Risk Management,Risk and Compliance Operations,Market Risk Management,Analyze Market Exposure,Monitor,Customer Risk Data,Analyze Market Exposure,7361,58.68,741392.47
Risk Management,Risk and Compliance Operations,Market Risk Management,Analyze Market Exposure,Monitor,Customer Risk Data,Analyze Market Exposure,6713,11.82,511219.42
Risk Management,Risk and Compliance Operations,Market Risk Management,Analyze Market Exposure,Monitor,Customer Risk Data,Analyze Market Exposure,1169,87.76,880342.21
Risk Management,Risk and Compliance Operations,Market Risk Management,Analyze Market Exposure,Monitor,Customer Risk Data,Analyze Market Exposure,5074,86.24,49590.91
Risk Management,Risk and Compliance Operations,Market Risk Management,Analyze Market Exposure,Monitor,Customer Risk Data,Analyze Market Exposure,3297,45.5,537805.77
Risk Management,Risk and Compliance Operations,Market Risk Management,Analyze Market Exposure,Monitor,Customer Risk Data,Analyze Market Exposure,3032,88.67,732057.49
Risk Management,Risk and Compliance Operations,Market Risk Management,Analyze Market Exposure,Monitor,Customer Risk Data,Analyze Market Exposure,7055,98.2,156473.14
Risk Management,Risk and Compliance Operations,Market Risk Management,Analyze Market Exposure,Monitor,Customer Risk Data,Analyze Market Exposure,3576,75.82,126426.8
Risk Management,Risk and Compliance Operations,Market Risk Management,Analyze Market Exposure,Monitor,Customer Risk Data,Analyze Market Exposure,9717,8.9,709537.35
Risk Management,Risk and Compliance Operations,Market Risk Management,Analyze Market Exposure,Monitor,Customer Risk Data,Analyze Market Exposure,7436,74.66,111214.99
Risk Management,Risk and Compliance Operations,Market Risk Management,Analyze Market Exposure,Monitor,Customer Risk Data,Analyze Market Exposure,9037,93.95,654531.52
Risk Management,Risk and Compliance Operations,Market Risk Management,Analyze Market Exposure,Monitor,Customer Risk Data,Analyze Market Exposure,4669,31.11,293821.71
Risk Management,Risk and Compliance Operations,Market Risk Management,Analyze Market Exposure,Monitor,Customer Risk Data,Analyze Market Exposure,9347,24.35,520848.48
Risk Management,Risk and Compliance Operations,Market Risk Management,Analyze Market Exposure,Monitor,Customer Risk Data,Analyze Market Exposure,3913,88.07,153707.82
Risk Management,Risk and Compliance Operations,Market Risk Management,Analyze Market Exposure,Monitor,Customer Risk Data,Analyze Market Exposure,2015,56.88,959585.51
Risk Management,Risk and Compliance Operations,Market Risk Management,Analyze Market Exposure,Monitor,Customer Risk Data,Analyze Market Exposure,5624,50.84,918731.31
Risk Management,Risk and Compliance Operations,Market Risk Management,Analyze Market Exposure,Monitor,Customer Risk Data,Analyze Market Exposure,6599,74.21,870816.66
Risk Management,Risk and Compliance Operations,Market Risk Management,Analyze Market Exposure,Monitor,Customer Risk Data,Analyze Market Exposure,2897,90.73,601762.39
Risk Management,Risk and Compliance Operations,Market Risk Management,Analyze Market Exposure,Monitor,Customer Risk Data,Analyze Market Exposure,6139,56.31,153070.14
Risk Management,Risk and Compliance Operations,Market Risk Management,Analyze Market Exposure,Monitor,Customer Risk Data,Analyze Market Exposure,8881,61.36,239687.24
Risk Management,Risk and Compliance Operations,Market Risk Management,Analyze Market Exposure,Monitor,Customer Risk Data,Analyze Market Exposure,6004,20.07,32972.04
Risk Management,Risk and Compliance Operations,Market Risk Management,Analyze Market Exposure,Monitor,Customer Risk Data,Analyze Market Exposure,8458,65.05,101907.28
Risk Management,Risk and Compliance Operations,Market Risk Management,Analyze Market Exposure,Monitor,Customer Risk Data,Analyze Market Exposure,1789,83.77,790165.69
Risk Management,Risk and Compliance Operations,Market Risk Management,Analyze Market Exposure,Monitor,Customer Risk Data,Analyze Market Exposure,4922,27.64,974591.96
Risk Management,Risk and Compliance Operations,Market Risk Management,Analyze Market Exposure,Monitor,Customer Risk Data,Analyze Market Exposure,3451,98.96,863305.55
Risk Management,Risk and Compliance Operations,Market Risk Management,Analyze Market Exposure,Monitor,Customer Risk Data,Analyze Market Exposure,4984,29.86,527835.76
Risk Management,Risk and Compliance Operations,Market Risk Management,Analyze Market Exposure,Monitor,Customer Risk Data,Analyze Market Exposure,5750,26.24,964735.78
Risk Management,Risk and Compliance Operations,Market Risk Management,Analyze Market Exposure,Monitor,Customer Risk Data,Analyze Market Exposure,2363,58.27,56529.71
Risk Management,Risk and Compliance Operations,Market Risk Management,Analyze Market Exposure,Monitor,Customer Risk Data,Analyze Market Exposure,6424,16.36,130346.94
Risk Management,Risk and Compliance Operations,Market Risk Management,Analyze Market Exposure,Monitor,Customer Risk Data,Analyze Market Exposure,4465,84.21,555023.83
Risk Management,Risk and Compliance Operations,Market Risk Management,Analyze Market Exposure,Monitor,Customer Risk Data,Analyze Market Exposure,6404,8.31,478453.95
