Business Domain,Domain Segment,Data Segment,Business Activity,Value Domain,Data Domain,Task,Customer ID,FX Exposure (USD),Risk Score
Risk Management,Risk and Compliance Operations,Market Risk Management,Foreign Exchange Risk,Monitor,Compliance Data,Foreign Exchange Risk,6052,669334.96,69.85
Risk Management,Risk and Compliance Operations,Market Risk Management,Foreign Exchange Risk,Monitor,Compliance Data,Foreign Exchange Risk,7272,979233.2,49.85
Risk Management,Risk and Compliance Operations,Market Risk Management,Foreign Exchange Risk,Monitor,Compliance Data,Foreign Exchange Risk,1406,396315.74,9.9
Risk Management,Risk and Compliance Operations,Market Risk Management,Foreign Exchange Risk,Monitor,Compliance Data,Foreign Exchange Risk,7804,177429.4,22.45
Risk Management,Risk and Compliance Operations,Market Risk Management,Foreign Exchange Risk,Monitor,Compliance Data,Foreign Exchange Risk,1042,781145.81,27.4
Risk Management,Risk and Compliance Operations,Market Risk Management,Foreign Exchange Risk,Monitor,Compliance Data,Foreign Exchange Risk,2104,808069.28,41.54
Risk Management,Risk and Compliance Operations,Market Risk Management,Foreign Exchange Risk,Monitor,Compliance Data,Foreign Exchange Risk,7944,449556.73,55.07
Risk Management,Risk and Compliance Operations,Market Risk Management,Foreign Exchange Risk,Monitor,Compliance Data,Foreign Exchange Risk,5904,571510.35,99.33
Risk Management,Risk and Compliance Operations,Market Risk Management,Foreign Exchange Risk,Monitor,Compliance Data,Foreign Exchange Risk,3817,826891.87,90.1
Risk Management,Risk and Compliance Operations,Market Risk Management,Foreign Exchange Risk,Monitor,Compliance Data,Foreign Exchange Risk,8792,121593.54,4.4
Risk Management,Risk and Compliance Operations,Market Risk Management,Foreign Exchange Risk,Monitor,Compliance Data,Foreign Exchange Risk,9216,548424.31,84.58
Risk Management,Risk and Compliance Operations,Market Risk Management,Foreign Exchange Risk,Monitor,Compliance Data,Foreign Exchange Risk,9813,698886.19,49.44
Risk Management,Risk and Compliance Operations,Market Risk Management,Foreign Exchange Risk,Monitor,Compliance Data,Foreign Exchange Risk,8045,456625.78,10.21
Risk Management,Risk and Compliance Operations,Market Risk Management,Foreign Exchange Risk,Monitor,Compliance Data,Foreign Exchange Risk,5845,551712.66,58.44
Risk Management,Risk and Compliance Operations,Market Risk Management,Foreign Exchange Risk,Monitor,Compliance Data,Foreign Exchange Risk,6551,223743.73,25.73
Risk Management,Risk and Compliance Operations,Market Risk Management,Foreign Exchange Risk,Monitor,Compliance Data,Foreign Exchange Risk,8483,269614.79,58.98
Risk Management,Risk and Compliance Operations,Market Risk Management,Foreign Exchange Risk,Monitor,Compliance Data,Foreign Exchange Risk,2687,843186.05,98.19
Risk Management,Risk and Compliance Operations,Market Risk Management,Foreign Exchange Risk,Monitor,Compliance Data,Foreign Exchange Risk,3932,749252.71,27.34
Risk Management,Risk and Compliance Operations,Market Risk Management,Foreign Exchange Risk,Monitor,Compliance Data,Foreign Exchange Risk,6056,708750.19,81.45
Risk Management,Risk and Compliance Operations,Market Risk Management,Foreign Exchange Risk,Monitor,Compliance Data,Foreign Exchange Risk,7716,337162.46,89.8
Risk Management,Risk and Compliance Operations,Market Risk Management,Foreign Exchange Risk,Monitor,Compliance Data,Foreign Exchange Risk,2508,983157.41,56.41
Risk Management,Risk and Compliance Operations,Market Risk Management,Foreign Exchange Risk,Monitor,Compliance Data,Foreign Exchange Risk,4316,496979.1,74.85
Risk Management,Risk and Compliance Operations,Market Risk Management,Foreign Exchange Risk,Monitor,Compliance Data,Foreign Exchange Risk,1794,5467.47,49.71
Risk Management,Risk and Compliance Operations,Market Risk Management,Foreign Exchange Risk,Monitor,Compliance Data,Foreign Exchange Risk,5046,393097.59,68.07
Risk Management,Risk and Compliance Operations,Market Risk Management,Foreign Exchange Risk,Monitor,Compliance Data,Foreign Exchange Risk,9487,535801.2,6.04
Risk Management,Risk and Compliance Operations,Market Risk Management,Foreign Exchange Risk,Monitor,Compliance Data,Foreign Exchange Risk,4457,595520.19,5.42
Risk Management,Risk and Compliance Operations,Market Risk Management,Foreign Exchange Risk,Monitor,Compliance Data,Foreign Exchange Risk,1149,157845.75,64.45
Risk Management,Risk and Compliance Operations,Market Risk Management,Foreign Exchange Risk,Monitor,Compliance Data,Foreign Exchange Risk,9710,493986.98,62.07
Risk Management,Risk and Compliance Operations,Market Risk Management,Foreign Exchange Risk,Monitor,Compliance Data,Foreign Exchange Risk,9136,472819.11,20.67
Risk Management,Risk and Compliance Operations,Market Risk Management,Foreign Exchange Risk,Monitor,Compliance Data,Foreign Exchange Risk,5674,30926.04,44.72
Risk Management,Risk and Compliance Operations,Market Risk Management,Foreign Exchange Risk,Monitor,Compliance Data,Foreign Exchange Risk,8085,763544.83,34.4
Risk Management,Risk and Compliance Operations,Market Risk Management,Foreign Exchange Risk,Monitor,Compliance Data,Foreign Exchange Risk,4377,218831.98,5.3
Risk Management,Risk and Compliance Operations,Market Risk Management,Foreign Exchange Risk,Monitor,Compliance Data,Foreign Exchange Risk,9298,79441.0,57.71
Risk Management,Risk and Compliance Operations,Market Risk Management,Foreign Exchange Risk,Monitor,Compliance Data,Foreign Exchange Risk,5488,670906.48,52.09
Risk Management,Risk and Compliance Operations,Market Risk Management,Foreign Exchange Risk,Monitor,Compliance Data,Foreign Exchange Risk,2487,511978.37,81.47
Risk Management,Risk and Compliance Operations,Market Risk Management,Foreign Exchange Risk,Monitor,Compliance Data,Foreign Exchange Risk,9878,819906.2,51.87
Risk Management,Risk and Compliance Operations,Market Risk Management,Foreign Exchange Risk,Monitor,Compliance Data,Foreign Exchange Risk,4465,245710.84,98.34
Risk Management,Risk and Compliance Operations,Market Risk Management,Foreign Exchange Risk,Monitor,Compliance Data,Foreign Exchange Risk,1051,332175.72,31.81
Risk Management,Risk and Compliance Operations,Market Risk Management,Foreign Exchange Risk,Monitor,Compliance Data,Foreign Exchange Risk,1922,19267.53,99.56
Risk Management,Risk and Compliance Operations,Market Risk Management,Foreign Exchange Risk,Monitor,Compliance Data,Foreign Exchange Risk,3484,528503.36,46.79
Risk Management,Risk and Compliance Operations,Market Risk Management,Foreign Exchange Risk,Monitor,Compliance Data,Foreign Exchange Risk,6377,403383.8,1.2
Risk Management,Risk and Compliance Operations,Market Risk Management,Foreign Exchange Risk,Monitor,Compliance Data,Foreign Exchange Risk,7357,599681.61,41.0
Risk Management,Risk and Compliance Operations,Market Risk Management,Foreign Exchange Risk,Monitor,Compliance Data,Foreign Exchange Risk,2507,121202.48,1.26
Risk Management,Risk and Compliance Operations,Market Risk Management,Foreign Exchange Risk,Monitor,Compliance Data,Foreign Exchange Risk,5603,446939.0,61.17
Risk Management,Risk and Compliance Operations,Market Risk Management,Foreign Exchange Risk,Monitor,Compliance Data,Foreign Exchange Risk,8446,961098.39,46.81
Risk Management,Risk and Compliance Operations,Market Risk Management,Foreign Exchange Risk,Monitor,Compliance Data,Foreign Exchange Risk,3715,307578.7,42.69
Risk Management,Risk and Compliance Operations,Market Risk Management,Foreign Exchange Risk,Monitor,Compliance Data,Foreign Exchange Risk,2279,679450.02,88.09
Risk Management,Risk and Compliance Operations,Market Risk Management,Foreign Exchange Risk,Monitor,Compliance Data,Foreign Exchange Risk,1867,900996.57,62.45
Risk Management,Risk and Compliance Operations,Market Risk Management,Foreign Exchange Risk,Monitor,Compliance Data,Foreign Exchange Risk,5194,550199.5,57.56
Risk Management,Risk and Compliance Operations,Market Risk Management,Foreign Exchange Risk,Monitor,Compliance Data,Foreign Exchange Risk,3431,656712.4,73.84
Risk Management,Risk and Compliance Operations,Market Risk Management,Foreign Exchange Risk,Monitor,Compliance Data,Foreign Exchange Risk,7019,288626.89,63.36
Risk Management,Risk and Compliance Operations,Market Risk Management,Foreign Exchange Risk,Monitor,Compliance Data,Foreign Exchange Risk,1311,896428.99,90.85
Risk Management,Risk and Compliance Operations,Market Risk Management,Foreign Exchange Risk,Monitor,Compliance Data,Foreign Exchange Risk,7240,422158.82,32.64
Risk Management,Risk and Compliance Operations,Market Risk Management,Foreign Exchange Risk,Monitor,Compliance Data,Foreign Exchange Risk,9454,624249.8,69.58
Risk Management,Risk and Compliance Operations,Market Risk Management,Foreign Exchange Risk,Monitor,Compliance Data,Foreign Exchange Risk,9752,177201.66,94.53
Risk Management,Risk and Compliance Operations,Market Risk Management,Foreign Exchange Risk,Monitor,Compliance Data,Foreign Exchange Risk,6158,435296.58,34.67
Risk Management,Risk and Compliance Operations,Market Risk Management,Foreign Exchange Risk,Monitor,Compliance Data,Foreign Exchange Risk,2035,435492.51,40.84
Risk Management,Risk and Compliance Operations,Market Risk Management,Foreign Exchange Risk,Monitor,Compliance Data,Foreign Exchange Risk,4734,625575.68,61.93
Risk Management,Risk and Compliance Operations,Market Risk Management,Foreign Exchange Risk,Monitor,Compliance Data,Foreign Exchange Risk,5701,730875.71,56.13
Risk Management,Risk and Compliance Operations,Market Risk Management,Foreign Exchange Risk,Monitor,Compliance Data,Foreign Exchange Risk,8196,989149.78,4.0
Risk Management,Risk and Compliance Operations,Market Risk Management,Foreign Exchange Risk,Monitor,Compliance Data,Foreign Exchange Risk,5511,202433.37,58.36
Risk Management,Risk and Compliance Operations,Market Risk Management,Foreign Exchange Risk,Monitor,Compliance Data,Foreign Exchange Risk,8479,676136.21,24.66
Risk Management,Risk and Compliance Operations,Market Risk Management,Foreign Exchange Risk,Monitor,Compliance Data,Foreign Exchange Risk,6457,65629.92,61.83
Risk Management,Risk and Compliance Operations,Market Risk Management,Foreign Exchange Risk,Monitor,Compliance Data,Foreign Exchange Risk,6173,519401.95,3.06
Risk Management,Risk and Compliance Operations,Market Risk Management,Foreign Exchange Risk,Monitor,Compliance Data,Foreign Exchange Risk,3371,901570.84,4.59
Risk Management,Risk and Compliance Operations,Market Risk Management,Foreign Exchange Risk,Monitor,Compliance Data,Foreign Exchange Risk,3413,243977.12,39.73
Risk Management,Risk and Compliance Operations,Market Risk Management,Foreign Exchange Risk,Monitor,Compliance Data,Foreign Exchange Risk,5302,792657.74,4.83
Risk Management,Risk and Compliance Operations,Market Risk Management,Foreign Exchange Risk,Monitor,Compliance Data,Foreign Exchange Risk,7537,928943.35,23.89
Risk Management,Risk and Compliance Operations,Market Risk Management,Foreign Exchange Risk,Monitor,Compliance Data,Foreign Exchange Risk,4739,665498.9,24.41
Risk Management,Risk and Compliance Operations,Market Risk Management,Foreign Exchange Risk,Monitor,Compliance Data,Foreign Exchange Risk,2584,446431.5,44.13
Risk Management,Risk and Compliance Operations,Market Risk Management,Foreign Exchange Risk,Monitor,Compliance Data,Foreign Exchange Risk,4578,656925.27,1.25
Risk Management,Risk and Compliance Operations,Market Risk Management,Foreign Exchange Risk,Monitor,Compliance Data,Foreign Exchange Risk,3833,772598.15,59.0
Risk Management,Risk and Compliance Operations,Market Risk Management,Foreign Exchange Risk,Monitor,Compliance Data,Foreign Exchange Risk,1133,896642.31,63.72
Risk Management,Risk and Compliance Operations,Market Risk Management,Foreign Exchange Risk,Monitor,Compliance Data,Foreign Exchange Risk,7362,11002.82,68.43
Risk Management,Risk and Compliance Operations,Market Risk Management,Foreign Exchange Risk,Monitor,Compliance Data,Foreign Exchange Risk,9905,395247.91,27.68
Risk Management,Risk and Compliance Operations,Market Risk Management,Foreign Exchange Risk,Monitor,Compliance Data,Foreign Exchange Risk,6064,441046.44,47.66
Risk Management,Risk and Compliance Operations,Market Risk Management,Foreign Exchange Risk,Monitor,Compliance Data,Foreign Exchange Risk,3221,300425.77,11.1
Risk Management,Risk and Compliance Operations,Market Risk Management,Foreign Exchange Risk,Monitor,Compliance Data,Foreign Exchange Risk,5727,724604.91,29.16
Risk Management,Risk and Compliance Operations,Market Risk Management,Foreign Exchange Risk,Monitor,Compliance Data,Foreign Exchange Risk,7576,523857.06,48.48
Risk Management,Risk and Compliance Operations,Market Risk Management,Foreign Exchange Risk,Monitor,Compliance Data,Foreign Exchange Risk,2056,888931.97,57.07
Risk Management,Risk and Compliance Operations,Market Risk Management,Foreign Exchange Risk,Monitor,Compliance Data,Foreign Exchange Risk,8405,94950.65,4.89
Risk Management,Risk and Compliance Operations,Market Risk Management,Foreign Exchange Risk,Monitor,Compliance Data,Foreign Exchange Risk,7670,963385.28,46.68
Risk Management,Risk and Compliance Operations,Market Risk Management,Foreign Exchange Risk,Monitor,Compliance Data,Foreign Exchange Risk,6130,460250.87,41.69
Risk Management,Risk and Compliance Operations,Market Risk Management,Foreign Exchange Risk,Monitor,Compliance Data,Foreign Exchange Risk,9184,845664.61,96.66
Risk Management,Risk and Compliance Operations,Market Risk Management,Foreign Exchange Risk,Monitor,Compliance Data,Foreign Exchange Risk,4549,808868.18,21.56
Risk Management,Risk and Compliance Operations,Market Risk Management,Foreign Exchange Risk,Monitor,Compliance Data,Foreign Exchange Risk,6325,965394.15,6.86
Risk Management,Risk and Compliance Operations,Market Risk Management,Foreign Exchange Risk,Monitor,Compliance Data,Foreign Exchange Risk,2958,625960.6,20.49
Risk Management,Risk and Compliance Operations,Market Risk Management,Foreign Exchange Risk,Monitor,Compliance Data,Foreign Exchange Risk,1199,340844.59,20.13
Risk Management,Risk and Compliance Operations,Market Risk Management,Foreign Exchange Risk,Monitor,Compliance Data,Foreign Exchange Risk,3488,460090.14,24.56
Risk Management,Risk and Compliance Operations,Market Risk Management,Foreign Exchange Risk,Monitor,Compliance Data,Foreign Exchange Risk,5041,107055.45,4.28
Risk Management,Risk and Compliance Operations,Market Risk Management,Foreign Exchange Risk,Monitor,Compliance Data,Foreign Exchange Risk,1522,8395.75,2.28
Risk Management,Risk and Compliance Operations,Market Risk Management,Foreign Exchange Risk,Monitor,Compliance Data,Foreign Exchange Risk,2201,332902.42,4.24
Risk Management,Risk and Compliance Operations,Market Risk Management,Foreign Exchange Risk,Monitor,Compliance Data,Foreign Exchange Risk,9758,716214.89,11.83
Risk Management,Risk and Compliance Operations,Market Risk Management,Foreign Exchange Risk,Monitor,Compliance Data,Foreign Exchange Risk,4065,871365.77,32.44
Risk Management,Risk and Compliance Operations,Market Risk Management,Foreign Exchange Risk,Monitor,Compliance Data,Foreign Exchange Risk,6196,128506.49,65.54
Risk Management,Risk and Compliance Operations,Market Risk Management,Foreign Exchange Risk,Monitor,Compliance Data,Foreign Exchange Risk,5089,790059.1,17.65
Risk Management,Risk and Compliance Operations,Market Risk Management,Foreign Exchange Risk,Monitor,Compliance Data,Foreign Exchange Risk,1979,864228.39,8.68
Risk Management,Risk and Compliance Operations,Market Risk Management,Foreign Exchange Risk,Monitor,Compliance Data,Foreign Exchange Risk,6298,418703.95,47.15
Risk Management,Risk and Compliance Operations,Market Risk Management,Foreign Exchange Risk,Monitor,Compliance Data,Foreign Exchange Risk,6633,239475.38,44.35
Risk Management,Risk and Compliance Operations,Market Risk Management,Foreign Exchange Risk,Monitor,Compliance Data,Foreign Exchange Risk,5048,699381.47,83.05
Risk Management,Risk and Compliance Operations,Market Risk Management,Foreign Exchange Risk,Monitor,Compliance Data,Foreign Exchange Risk,6968,325986.72,35.37
Risk Management,Risk and Compliance Operations,Market Risk Management,Foreign Exchange Risk,Monitor,Compliance Data,Foreign Exchange Risk,9388,809356.3,43.6
Risk Management,Risk and Compliance Operations,Market Risk Management,Foreign Exchange Risk,Monitor,Compliance Data,Foreign Exchange Risk,6567,649328.92,78.37
Risk Management,Risk and Compliance Operations,Market Risk Management,Foreign Exchange Risk,Monitor,Compliance Data,Foreign Exchange Risk,1846,48886.96,95.01
Risk Management,Risk and Compliance Operations,Market Risk Management,Foreign Exchange Risk,Monitor,Compliance Data,Foreign Exchange Risk,1955,418305.96,67.25
Risk Management,Risk and Compliance Operations,Market Risk Management,Foreign Exchange Risk,Monitor,Compliance Data,Foreign Exchange Risk,5431,183064.61,1.76
Risk Management,Risk and Compliance Operations,Market Risk Management,Foreign Exchange Risk,Monitor,Compliance Data,Foreign Exchange Risk,4670,230320.7,23.53
Risk Management,Risk and Compliance Operations,Market Risk Management,Foreign Exchange Risk,Monitor,Compliance Data,Foreign Exchange Risk,2568,998126.19,81.66
Risk Management,Risk and Compliance Operations,Market Risk Management,Foreign Exchange Risk,Monitor,Compliance Data,Foreign Exchange Risk,3976,307882.49,74.44
Risk Management,Risk and Compliance Operations,Market Risk Management,Foreign Exchange Risk,Monitor,Compliance Data,Foreign Exchange Risk,6703,284047.55,92.66
Risk Management,Risk and Compliance Operations,Market Risk Management,Foreign Exchange Risk,Monitor,Compliance Data,Foreign Exchange Risk,5827,945832.75,74.16
Risk Management,Risk and Compliance Operations,Market Risk Management,Foreign Exchange Risk,Monitor,Compliance Data,Foreign Exchange Risk,4237,827770.2,24.59
Risk Management,Risk and Compliance Operations,Market Risk Management,Foreign Exchange Risk,Monitor,Compliance Data,Foreign Exchange Risk,5689,86971.09,5.11
Risk Management,Risk and Compliance Operations,Market Risk Management,Foreign Exchange Risk,Monitor,Compliance Data,Foreign Exchange Risk,6800,469910.57,99.96
Risk Management,Risk and Compliance Operations,Market Risk Management,Foreign Exchange Risk,Monitor,Compliance Data,Foreign Exchange Risk,2601,978017.47,11.38
Risk Management,Risk and Compliance Operations,Market Risk Management,Foreign Exchange Risk,Monitor,Compliance Data,Foreign Exchange Risk,4450,803084.97,69.79
Risk Management,Risk and Compliance Operations,Market Risk Management,Foreign Exchange Risk,Monitor,Compliance Data,Foreign Exchange Risk,3387,670612.38,80.54
Risk Management,Risk and Compliance Operations,Market Risk Management,Foreign Exchange Risk,Monitor,Compliance Data,Foreign Exchange Risk,3497,207961.91,43.22
Risk Management,Risk and Compliance Operations,Market Risk Management,Foreign Exchange Risk,Monitor,Compliance Data,Foreign Exchange Risk,6645,414206.98,81.09
Risk Management,Risk and Compliance Operations,Market Risk Management,Foreign Exchange Risk,Monitor,Compliance Data,Foreign Exchange Risk,3796,782663.64,66.24
Risk Management,Risk and Compliance Operations,Market Risk Management,Foreign Exchange Risk,Monitor,Compliance Data,Foreign Exchange Risk,2052,316207.97,45.21
Risk Management,Risk and Compliance Operations,Market Risk Management,Foreign Exchange Risk,Monitor,Compliance Data,Foreign Exchange Risk,2420,352546.15,99.89
Risk Management,Risk and Compliance Operations,Market Risk Management,Foreign Exchange Risk,Monitor,Compliance Data,Foreign Exchange Risk,2783,397676.18,96.96
Risk Management,Risk and Compliance Operations,Market Risk Management,Foreign Exchange Risk,Monitor,Compliance Data,Foreign Exchange Risk,7420,874560.35,64.12
Risk Management,Risk and Compliance Operations,Market Risk Management,Foreign Exchange Risk,Monitor,Compliance Data,Foreign Exchange Risk,5667,250721.66,81.04
Risk Management,Risk and Compliance Operations,Market Risk Management,Foreign Exchange Risk,Monitor,Compliance Data,Foreign Exchange Risk,3727,392340.62,13.83
Risk Management,Risk and Compliance Operations,Market Risk Management,Foreign Exchange Risk,Monitor,Compliance Data,Foreign Exchange Risk,5699,573741.06,34.18
Risk Management,Risk and Compliance Operations,Market Risk Management,Foreign Exchange Risk,Monitor,Compliance Data,Foreign Exchange Risk,2346,931228.72,64.63
Risk Management,Risk and Compliance Operations,Market Risk Management,Foreign Exchange Risk,Monitor,Compliance Data,Foreign Exchange Risk,9143,484229.11,16.43
Risk Management,Risk and Compliance Operations,Market Risk Management,Foreign Exchange Risk,Monitor,Compliance Data,Foreign Exchange Risk,5914,335025.8,25.22
Risk Management,Risk and Compliance Operations,Market Risk Management,Foreign Exchange Risk,Monitor,Compliance Data,Foreign Exchange Risk,6061,910362.18,23.99
Risk Management,Risk and Compliance Operations,Market Risk Management,Foreign Exchange Risk,Monitor,Compliance Data,Foreign Exchange Risk,6684,841186.67,72.91
Risk Management,Risk and Compliance Operations,Market Risk Management,Foreign Exchange Risk,Monitor,Compliance Data,Foreign Exchange Risk,8019,936269.99,71.28
Risk Management,Risk and Compliance Operations,Market Risk Management,Foreign Exchange Risk,Monitor,Compliance Data,Foreign Exchange Risk,9536,532193.04,21.94
Risk Management,Risk and Compliance Operations,Market Risk Management,Foreign Exchange Risk,Monitor,Compliance Data,Foreign Exchange Risk,5423,847965.8,45.57
Risk Management,Risk and Compliance Operations,Market Risk Management,Foreign Exchange Risk,Monitor,Compliance Data,Foreign Exchange Risk,4663,170367.9,45.76
Risk Management,Risk and Compliance Operations,Market Risk Management,Foreign Exchange Risk,Monitor,Compliance Data,Foreign Exchange Risk,6009,872862.89,67.28
Risk Management,Risk and Compliance Operations,Market Risk Management,Foreign Exchange Risk,Monitor,Compliance Data,Foreign Exchange Risk,5872,602350.0,4.74
Risk Management,Risk and Compliance Operations,Market Risk Management,Foreign Exchange Risk,Monitor,Compliance Data,Foreign Exchange Risk,8114,367880.36,70.23
Risk Management,Risk and Compliance Operations,Market Risk Management,Foreign Exchange Risk,Monitor,Compliance Data,Foreign Exchange Risk,9603,262253.65,75.57
Risk Management,Risk and Compliance Operations,Market Risk Management,Foreign Exchange Risk,Monitor,Compliance Data,Foreign Exchange Risk,7823,185725.6,25.97
Risk Management,Risk and Compliance Operations,Market Risk Management,Foreign Exchange Risk,Monitor,Compliance Data,Foreign Exchange Risk,4099,933969.07,27.98
Risk Management,Risk and Compliance Operations,Market Risk Management,Foreign Exchange Risk,Monitor,Compliance Data,Foreign Exchange Risk,4696,812881.19,67.34
Risk Management,Risk and Compliance Operations,Market Risk Management,Foreign Exchange Risk,Monitor,Compliance Data,Foreign Exchange Risk,6103,18741.85,68.59
Risk Management,Risk and Compliance Operations,Market Risk Management,Foreign Exchange Risk,Monitor,Compliance Data,Foreign Exchange Risk,7173,407815.93,48.44
Risk Management,Risk and Compliance Operations,Market Risk Management,Foreign Exchange Risk,Monitor,Compliance Data,Foreign Exchange Risk,1407,523425.81,45.64
Risk Management,Risk and Compliance Operations,Market Risk Management,Foreign Exchange Risk,Monitor,Compliance Data,Foreign Exchange Risk,8136,498751.69,25.36
Risk Management,Risk and Compliance Operations,Market Risk Management,Foreign Exchange Risk,Monitor,Compliance Data,Foreign Exchange Risk,3407,928080.45,42.1
Risk Management,Risk and Compliance Operations,Market Risk Management,Foreign Exchange Risk,Monitor,Compliance Data,Foreign Exchange Risk,8113,5642.6,37.58
Risk Management,Risk and Compliance Operations,Market Risk Management,Foreign Exchange Risk,Monitor,Compliance Data,Foreign Exchange Risk,7311,536299.19,88.18
Risk Management,Risk and Compliance Operations,Market Risk Management,Foreign Exchange Risk,Monitor,Compliance Data,Foreign Exchange Risk,1434,265798.07,10.48
Risk Management,Risk and Compliance Operations,Market Risk Management,Foreign Exchange Risk,Monitor,Compliance Data,Foreign Exchange Risk,5754,162824.19,32.28
Risk Management,Risk and Compliance Operations,Market Risk Management,Foreign Exchange Risk,Monitor,Compliance Data,Foreign Exchange Risk,9732,854351.75,94.79
Risk Management,Risk and Compliance Operations,Market Risk Management,Foreign Exchange Risk,Monitor,Compliance Data,Foreign Exchange Risk,7559,38206.8,12.57
Risk Management,Risk and Compliance Operations,Market Risk Management,Foreign Exchange Risk,Monitor,Compliance Data,Foreign Exchange Risk,9538,307212.29,4.88
Risk Management,Risk and Compliance Operations,Market Risk Management,Foreign Exchange Risk,Monitor,Compliance Data,Foreign Exchange Risk,6053,245744.49,89.6
Risk Management,Risk and Compliance Operations,Market Risk Management,Foreign Exchange Risk,Monitor,Compliance Data,Foreign Exchange Risk,4386,328013.61,94.35
Risk Management,Risk and Compliance Operations,Market Risk Management,Foreign Exchange Risk,Monitor,Compliance Data,Foreign Exchange Risk,4355,436302.66,70.28
Risk Management,Risk and Compliance Operations,Market Risk Management,Foreign Exchange Risk,Monitor,Compliance Data,Foreign Exchange Risk,3972,192180.54,54.6
Risk Management,Risk and Compliance Operations,Market Risk Management,Foreign Exchange Risk,Monitor,Compliance Data,Foreign Exchange Risk,6109,665522.14,28.24
Risk Management,Risk and Compliance Operations,Market Risk Management,Foreign Exchange Risk,Monitor,Compliance Data,Foreign Exchange Risk,6727,906154.22,48.04
Risk Management,Risk and Compliance Operations,Market Risk Management,Foreign Exchange Risk,Monitor,Compliance Data,Foreign Exchange Risk,2231,265693.11,98.26
Risk Management,Risk and Compliance Operations,Market Risk Management,Foreign Exchange Risk,Monitor,Compliance Data,Foreign Exchange Risk,6195,526633.45,88.44
Risk Management,Risk and Compliance Operations,Market Risk Management,Foreign Exchange Risk,Monitor,Compliance Data,Foreign Exchange Risk,3284,681358.46,2.59
Risk Management,Risk and Compliance Operations,Market Risk Management,Foreign Exchange Risk,Monitor,Compliance Data,Foreign Exchange Risk,3812,607175.4,85.44
Risk Management,Risk and Compliance Operations,Market Risk Management,Foreign Exchange Risk,Monitor,Compliance Data,Foreign Exchange Risk,1027,272877.44,84.07
Risk Management,Risk and Compliance Operations,Market Risk Management,Foreign Exchange Risk,Monitor,Compliance Data,Foreign Exchange Risk,9402,658426.52,15.4
Risk Management,Risk and Compliance Operations,Market Risk Management,Foreign Exchange Risk,Monitor,Compliance Data,Foreign Exchange Risk,1619,235493.75,67.79
Risk Management,Risk and Compliance Operations,Market Risk Management,Foreign Exchange Risk,Monitor,Compliance Data,Foreign Exchange Risk,6410,177008.38,79.26
Risk Management,Risk and Compliance Operations,Market Risk Management,Foreign Exchange Risk,Monitor,Compliance Data,Foreign Exchange Risk,2842,774146.93,65.86
Risk Management,Risk and Compliance Operations,Market Risk Management,Foreign Exchange Risk,Monitor,Compliance Data,Foreign Exchange Risk,3222,149067.64,96.76
Risk Management,Risk and Compliance Operations,Market Risk Management,Foreign Exchange Risk,Monitor,Compliance Data,Foreign Exchange Risk,7406,871865.15,68.82
Risk Management,Risk and Compliance Operations,Market Risk Management,Foreign Exchange Risk,Monitor,Compliance Data,Foreign Exchange Risk,9866,151684.76,86.59
Risk Management,Risk and Compliance Operations,Market Risk Management,Foreign Exchange Risk,Monitor,Compliance Data,Foreign Exchange Risk,5549,540118.36,14.3
Risk Management,Risk and Compliance Operations,Market Risk Management,Foreign Exchange Risk,Monitor,Compliance Data,Foreign Exchange Risk,2930,509354.61,82.27
Risk Management,Risk and Compliance Operations,Market Risk Management,Foreign Exchange Risk,Monitor,Compliance Data,Foreign Exchange Risk,9675,535154.4,35.54
Risk Management,Risk and Compliance Operations,Market Risk Management,Foreign Exchange Risk,Monitor,Compliance Data,Foreign Exchange Risk,4999,265584.8,20.26
Risk Management,Risk and Compliance Operations,Market Risk Management,Foreign Exchange Risk,Monitor,Compliance Data,Foreign Exchange Risk,3949,13094.66,96.61
Risk Management,Risk and Compliance Operations,Market Risk Management,Foreign Exchange Risk,Monitor,Compliance Data,Foreign Exchange Risk,3277,104928.72,4.05
Risk Management,Risk and Compliance Operations,Market Risk Management,Foreign Exchange Risk,Monitor,Compliance Data,Foreign Exchange Risk,7656,19517.89,27.64
Risk Management,Risk and Compliance Operations,Market Risk Management,Foreign Exchange Risk,Monitor,Compliance Data,Foreign Exchange Risk,7805,992041.77,67.14
Risk Management,Risk and Compliance Operations,Market Risk Management,Foreign Exchange Risk,Monitor,Compliance Data,Foreign Exchange Risk,2743,575247.25,5.46
Risk Management,Risk and Compliance Operations,Market Risk Management,Foreign Exchange Risk,Monitor,Compliance Data,Foreign Exchange Risk,5746,88348.12,2.99
Risk Management,Risk and Compliance Operations,Market Risk Management,Foreign Exchange Risk,Monitor,Compliance Data,Foreign Exchange Risk,5024,664103.86,66.25
Risk Management,Risk and Compliance Operations,Market Risk Management,Foreign Exchange Risk,Monitor,Compliance Data,Foreign Exchange Risk,8842,737905.42,53.68
Risk Management,Risk and Compliance Operations,Market Risk Management,Foreign Exchange Risk,Monitor,Compliance Data,Foreign Exchange Risk,2458,714928.11,36.71
Risk Management,Risk and Compliance Operations,Market Risk Management,Foreign Exchange Risk,Monitor,Compliance Data,Foreign Exchange Risk,2816,990789.31,88.52
Risk Management,Risk and Compliance Operations,Market Risk Management,Foreign Exchange Risk,Monitor,Compliance Data,Foreign Exchange Risk,1334,874459.71,23.91
Risk Management,Risk and Compliance Operations,Market Risk Management,Foreign Exchange Risk,Monitor,Compliance Data,Foreign Exchange Risk,9139,30484.78,35.72
Risk Management,Risk and Compliance Operations,Market Risk Management,Foreign Exchange Risk,Monitor,Compliance Data,Foreign Exchange Risk,2083,976411.23,16.65
Risk Management,Risk and Compliance Operations,Market Risk Management,Foreign Exchange Risk,Monitor,Compliance Data,Foreign Exchange Risk,7958,393173.88,40.28
Risk Management,Risk and Compliance Operations,Market Risk Management,Foreign Exchange Risk,Monitor,Compliance Data,Foreign Exchange Risk,3436,321277.18,67.27
Risk Management,Risk and Compliance Operations,Market Risk Management,Foreign Exchange Risk,Monitor,Compliance Data,Foreign Exchange Risk,7151,219076.15,29.99
Risk Management,Risk and Compliance Operations,Market Risk Management,Foreign Exchange Risk,Monitor,Compliance Data,Foreign Exchange Risk,2463,764989.21,60.41
Risk Management,Risk and Compliance Operations,Market Risk Management,Foreign Exchange Risk,Monitor,Compliance Data,Foreign Exchange Risk,8411,692803.24,24.21
Risk Management,Risk and Compliance Operations,Market Risk Management,Foreign Exchange Risk,Monitor,Compliance Data,Foreign Exchange Risk,8929,607513.44,75.95
Risk Management,Risk and Compliance Operations,Market Risk Management,Foreign Exchange Risk,Monitor,Compliance Data,Foreign Exchange Risk,1893,95501.18,5.4
Risk Management,Risk and Compliance Operations,Market Risk Management,Foreign Exchange Risk,Monitor,Compliance Data,Foreign Exchange Risk,7659,571698.04,97.43
Risk Management,Risk and Compliance Operations,Market Risk Management,Foreign Exchange Risk,Monitor,Compliance Data,Foreign Exchange Risk,3408,927316.17,13.63
Risk Management,Risk and Compliance Operations,Market Risk Management,Foreign Exchange Risk,Monitor,Compliance Data,Foreign Exchange Risk,1856,835147.12,29.77
Risk Management,Risk and Compliance Operations,Market Risk Management,Foreign Exchange Risk,Monitor,Compliance Data,Foreign Exchange Risk,2910,895425.21,51.85
Risk Management,Risk and Compliance Operations,Market Risk Management,Foreign Exchange Risk,Monitor,Compliance Data,Foreign Exchange Risk,8733,748631.14,60.45
Risk Management,Risk and Compliance Operations,Market Risk Management,Foreign Exchange Risk,Monitor,Compliance Data,Foreign Exchange Risk,4191,416434.59,75.32
Risk Management,Risk and Compliance Operations,Market Risk Management,Foreign Exchange Risk,Monitor,Compliance Data,Foreign Exchange Risk,5507,563023.74,19.35
Risk Management,Risk and Compliance Operations,Market Risk Management,Foreign Exchange Risk,Monitor,Compliance Data,Foreign Exchange Risk,4244,718554.65,14.98
Risk Management,Risk and Compliance Operations,Market Risk Management,Foreign Exchange Risk,Monitor,Compliance Data,Foreign Exchange Risk,7244,589762.36,17.12
Risk Management,Risk and Compliance Operations,Market Risk Management,Foreign Exchange Risk,Monitor,Compliance Data,Foreign Exchange Risk,8695,90782.8,61.65
Risk Management,Risk and Compliance Operations,Market Risk Management,Foreign Exchange Risk,Monitor,Compliance Data,Foreign Exchange Risk,6832,87501.1,71.64
Risk Management,Risk and Compliance Operations,Market Risk Management,Foreign Exchange Risk,Monitor,Compliance Data,Foreign Exchange Risk,9379,544954.33,35.0
Risk Management,Risk and Compliance Operations,Market Risk Management,Foreign Exchange Risk,Monitor,Compliance Data,Foreign Exchange Risk,1157,633933.53,80.76
Risk Management,Risk and Compliance Operations,Market Risk Management,Foreign Exchange Risk,Monitor,Compliance Data,Foreign Exchange Risk,8242,754825.71,34.81
Risk Management,Risk and Compliance Operations,Market Risk Management,Foreign Exchange Risk,Monitor,Compliance Data,Foreign Exchange Risk,1538,90890.11,50.84
Risk Management,Risk and Compliance Operations,Market Risk Management,Foreign Exchange Risk,Monitor,Compliance Data,Foreign Exchange Risk,2200,934959.27,32.97
Risk Management,Risk and Compliance Operations,Market Risk Management,Foreign Exchange Risk,Monitor,Compliance Data,Foreign Exchange Risk,4506,448662.34,53.2
Risk Management,Risk and Compliance Operations,Market Risk Management,Foreign Exchange Risk,Monitor,Compliance Data,Foreign Exchange Risk,1617,665533.63,51.47
Risk Management,Risk and Compliance Operations,Market Risk Management,Foreign Exchange Risk,Monitor,Compliance Data,Foreign Exchange Risk,2567,198866.16,13.42
Risk Management,Risk and Compliance Operations,Market Risk Management,Foreign Exchange Risk,Monitor,Compliance Data,Foreign Exchange Risk,2937,368288.5,46.1
Risk Management,Risk and Compliance Operations,Market Risk Management,Foreign Exchange Risk,Monitor,Compliance Data,Foreign Exchange Risk,3315,926673.51,65.01
Risk Management,Risk and Compliance Operations,Market Risk Management,Foreign Exchange Risk,Monitor,Compliance Data,Foreign Exchange Risk,3619,409499.29,11.74
Risk Management,Risk and Compliance Operations,Market Risk Management,Foreign Exchange Risk,Monitor,Compliance Data,Foreign Exchange Risk,3895,597236.83,83.02
Risk Management,Risk and Compliance Operations,Market Risk Management,Foreign Exchange Risk,Monitor,Compliance Data,Foreign Exchange Risk,3954,616056.96,73.01
Risk Management,Risk and Compliance Operations,Market Risk Management,Foreign Exchange Risk,Monitor,Compliance Data,Foreign Exchange Risk,9799,241409.88,46.35
Risk Management,Risk and Compliance Operations,Market Risk Management,Foreign Exchange Risk,Monitor,Compliance Data,Foreign Exchange Risk,4561,961387.35,67.0
Risk Management,Risk and Compliance Operations,Market Risk Management,Foreign Exchange Risk,Monitor,Compliance Data,Foreign Exchange Risk,5911,695624.24,70.25
Risk Management,Risk and Compliance Operations,Market Risk Management,Foreign Exchange Risk,Monitor,Compliance Data,Foreign Exchange Risk,8029,753997.73,31.28
Risk Management,Risk and Compliance Operations,Market Risk Management,Foreign Exchange Risk,Monitor,Compliance Data,Foreign Exchange Risk,8028,226190.51,92.13
Risk Management,Risk and Compliance Operations,Market Risk Management,Foreign Exchange Risk,Monitor,Compliance Data,Foreign Exchange Risk,2058,946493.45,23.81
Risk Management,Risk and Compliance Operations,Market Risk Management,Foreign Exchange Risk,Monitor,Compliance Data,Foreign Exchange Risk,8671,649031.84,67.32
Risk Management,Risk and Compliance Operations,Market Risk Management,Foreign Exchange Risk,Monitor,Compliance Data,Foreign Exchange Risk,7960,67670.33,25.61
Risk Management,Risk and Compliance Operations,Market Risk Management,Foreign Exchange Risk,Monitor,Compliance Data,Foreign Exchange Risk,7887,978425.91,53.57
Risk Management,Risk and Compliance Operations,Market Risk Management,Foreign Exchange Risk,Monitor,Compliance Data,Foreign Exchange Risk,5447,168161.92,37.83
Risk Management,Risk and Compliance Operations,Market Risk Management,Foreign Exchange Risk,Monitor,Compliance Data,Foreign Exchange Risk,1679,271150.34,54.28
Risk Management,Risk and Compliance Operations,Market Risk Management,Foreign Exchange Risk,Monitor,Compliance Data,Foreign Exchange Risk,9098,305353.73,11.31
Risk Management,Risk and Compliance Operations,Market Risk Management,Foreign Exchange Risk,Monitor,Compliance Data,Foreign Exchange Risk,1226,195331.62,2.68
Risk Management,Risk and Compliance Operations,Market Risk Management,Foreign Exchange Risk,Monitor,Compliance Data,Foreign Exchange Risk,3421,61409.24,45.15
Risk Management,Risk and Compliance Operations,Market Risk Management,Foreign Exchange Risk,Monitor,Compliance Data,Foreign Exchange Risk,2931,824295.62,88.14
Risk Management,Risk and Compliance Operations,Market Risk Management,Foreign Exchange Risk,Monitor,Compliance Data,Foreign Exchange Risk,7184,908250.5,2.65
Risk Management,Risk and Compliance Operations,Market Risk Management,Foreign Exchange Risk,Monitor,Compliance Data,Foreign Exchange Risk,2728,878010.77,1.91
Risk Management,Risk and Compliance Operations,Market Risk Management,Foreign Exchange Risk,Monitor,Compliance Data,Foreign Exchange Risk,1539,881341.83,11.71
Risk Management,Risk and Compliance Operations,Market Risk Management,Foreign Exchange Risk,Monitor,Compliance Data,Foreign Exchange Risk,4280,859741.68,31.2
Risk Management,Risk and Compliance Operations,Market Risk Management,Foreign Exchange Risk,Monitor,Compliance Data,Foreign Exchange Risk,5704,724322.24,32.09
Risk Management,Risk and Compliance Operations,Market Risk Management,Foreign Exchange Risk,Monitor,Compliance Data,Foreign Exchange Risk,8713,570970.09,48.79
Risk Management,Risk and Compliance Operations,Market Risk Management,Foreign Exchange Risk,Monitor,Compliance Data,Foreign Exchange Risk,6233,452476.41,15.21
Risk Management,Risk and Compliance Operations,Market Risk Management,Foreign Exchange Risk,Monitor,Compliance Data,Foreign Exchange Risk,6041,589421.84,18.8
Risk Management,Risk and Compliance Operations,Market Risk Management,Foreign Exchange Risk,Monitor,Compliance Data,Foreign Exchange Risk,7434,532907.23,20.95
Risk Management,Risk and Compliance Operations,Market Risk Management,Foreign Exchange Risk,Monitor,Compliance Data,Foreign Exchange Risk,8700,593930.16,25.58
Risk Management,Risk and Compliance Operations,Market Risk Management,Foreign Exchange Risk,Monitor,Compliance Data,Foreign Exchange Risk,4114,915208.33,68.9
Risk Management,Risk and Compliance Operations,Market Risk Management,Foreign Exchange Risk,Monitor,Compliance Data,Foreign Exchange Risk,2982,997932.45,27.42
Risk Management,Risk and Compliance Operations,Market Risk Management,Foreign Exchange Risk,Monitor,Compliance Data,Foreign Exchange Risk,3776,512023.28,93.72
Risk Management,Risk and Compliance Operations,Market Risk Management,Foreign Exchange Risk,Monitor,Compliance Data,Foreign Exchange Risk,9630,263397.66,92.14
Risk Management,Risk and Compliance Operations,Market Risk Management,Foreign Exchange Risk,Monitor,Compliance Data,Foreign Exchange Risk,4342,961616.28,62.9
Risk Management,Risk and Compliance Operations,Market Risk Management,Foreign Exchange Risk,Monitor,Compliance Data,Foreign Exchange Risk,9650,112374.63,82.42
Risk Management,Risk and Compliance Operations,Market Risk Management,Foreign Exchange Risk,Monitor,Compliance Data,Foreign Exchange Risk,2216,731248.72,26.22
Risk Management,Risk and Compliance Operations,Market Risk Management,Foreign Exchange Risk,Monitor,Compliance Data,Foreign Exchange Risk,3109,582979.49,58.68
Risk Management,Risk and Compliance Operations,Market Risk Management,Foreign Exchange Risk,Monitor,Compliance Data,Foreign Exchange Risk,3946,153533.72,49.97
Risk Management,Risk and Compliance Operations,Market Risk Management,Foreign Exchange Risk,Monitor,Compliance Data,Foreign Exchange Risk,9342,564372.44,14.3
Risk Management,Risk and Compliance Operations,Market Risk Management,Foreign Exchange Risk,Monitor,Compliance Data,Foreign Exchange Risk,4516,908626.81,65.47
Risk Management,Risk and Compliance Operations,Market Risk Management,Foreign Exchange Risk,Monitor,Compliance Data,Foreign Exchange Risk,9038,824402.41,82.01
Risk Management,Risk and Compliance Operations,Market Risk Management,Foreign Exchange Risk,Monitor,Compliance Data,Foreign Exchange Risk,9321,766296.18,96.3
Risk Management,Risk and Compliance Operations,Market Risk Management,Foreign Exchange Risk,Monitor,Compliance Data,Foreign Exchange Risk,9837,397084.57,37.78
Risk Management,Risk and Compliance Operations,Market Risk Management,Foreign Exchange Risk,Monitor,Compliance Data,Foreign Exchange Risk,6661,940279.91,23.07
Risk Management,Risk and Compliance Operations,Market Risk Management,Foreign Exchange Risk,Monitor,Compliance Data,Foreign Exchange Risk,5433,127277.74,93.47
Risk Management,Risk and Compliance Operations,Market Risk Management,Foreign Exchange Risk,Monitor,Compliance Data,Foreign Exchange Risk,3519,25861.1,19.68
Risk Management,Risk and Compliance Operations,Market Risk Management,Foreign Exchange Risk,Monitor,Compliance Data,Foreign Exchange Risk,8676,313516.91,86.73
Risk Management,Risk and Compliance Operations,Market Risk Management,Foreign Exchange Risk,Monitor,Compliance Data,Foreign Exchange Risk,6660,531017.9,71.23
Risk Management,Risk and Compliance Operations,Market Risk Management,Foreign Exchange Risk,Monitor,Compliance Data,Foreign Exchange Risk,4946,656131.41,92.42
Risk Management,Risk and Compliance Operations,Market Risk Management,Foreign Exchange Risk,Monitor,Compliance Data,Foreign Exchange Risk,5392,777343.62,18.49
Risk Management,Risk and Compliance Operations,Market Risk Management,Foreign Exchange Risk,Monitor,Compliance Data,Foreign Exchange Risk,3149,279574.92,1.39
Risk Management,Risk and Compliance Operations,Market Risk Management,Foreign Exchange Risk,Monitor,Compliance Data,Foreign Exchange Risk,5880,299889.03,32.04
Risk Management,Risk and Compliance Operations,Market Risk Management,Foreign Exchange Risk,Monitor,Compliance Data,Foreign Exchange Risk,6687,354494.47,88.78
Risk Management,Risk and Compliance Operations,Market Risk Management,Foreign Exchange Risk,Monitor,Compliance Data,Foreign Exchange Risk,5064,576314.3,79.42
Risk Management,Risk and Compliance Operations,Market Risk Management,Foreign Exchange Risk,Monitor,Compliance Data,Foreign Exchange Risk,5624,712454.1,65.55
Risk Management,Risk and Compliance Operations,Market Risk Management,Foreign Exchange Risk,Monitor,Compliance Data,Foreign Exchange Risk,4427,693330.83,67.55
Risk Management,Risk and Compliance Operations,Market Risk Management,Foreign Exchange Risk,Monitor,Compliance Data,Foreign Exchange Risk,8152,851820.03,55.18
Risk Management,Risk and Compliance Operations,Market Risk Management,Foreign Exchange Risk,Monitor,Compliance Data,Foreign Exchange Risk,8496,983050.31,13.15
Risk Management,Risk and Compliance Operations,Market Risk Management,Foreign Exchange Risk,Monitor,Compliance Data,Foreign Exchange Risk,6278,20645.64,37.89
Risk Management,Risk and Compliance Operations,Market Risk Management,Foreign Exchange Risk,Monitor,Compliance Data,Foreign Exchange Risk,7198,848868.57,6.93
Risk Management,Risk and Compliance Operations,Market Risk Management,Foreign Exchange Risk,Monitor,Compliance Data,Foreign Exchange Risk,1709,581543.35,96.98
Risk Management,Risk and Compliance Operations,Market Risk Management,Foreign Exchange Risk,Monitor,Compliance Data,Foreign Exchange Risk,9570,467814.19,94.62
Risk Management,Risk and Compliance Operations,Market Risk Management,Foreign Exchange Risk,Monitor,Compliance Data,Foreign Exchange Risk,7980,953826.38,25.46
Risk Management,Risk and Compliance Operations,Market Risk Management,Foreign Exchange Risk,Monitor,Compliance Data,Foreign Exchange Risk,1589,122840.55,62.86
Risk Management,Risk and Compliance Operations,Market Risk Management,Foreign Exchange Risk,Monitor,Compliance Data,Foreign Exchange Risk,2063,589942.33,66.83
Risk Management,Risk and Compliance Operations,Market Risk Management,Foreign Exchange Risk,Monitor,Compliance Data,Foreign Exchange Risk,6060,997400.86,78.14
Risk Management,Risk and Compliance Operations,Market Risk Management,Foreign Exchange Risk,Monitor,Compliance Data,Foreign Exchange Risk,9348,894647.21,58.79
Risk Management,Risk and Compliance Operations,Market Risk Management,Foreign Exchange Risk,Monitor,Compliance Data,Foreign Exchange Risk,4053,982403.93,81.57
Risk Management,Risk and Compliance Operations,Market Risk Management,Foreign Exchange Risk,Monitor,Compliance Data,Foreign Exchange Risk,2374,486296.19,29.39
Risk Management,Risk and Compliance Operations,Market Risk Management,Foreign Exchange Risk,Monitor,Compliance Data,Foreign Exchange Risk,1510,825085.55,6.7
Risk Management,Risk and Compliance Operations,Market Risk Management,Foreign Exchange Risk,Monitor,Compliance Data,Foreign Exchange Risk,2700,100169.36,5.11
Risk Management,Risk and Compliance Operations,Market Risk Management,Foreign Exchange Risk,Monitor,Compliance Data,Foreign Exchange Risk,7784,699770.93,97.99
Risk Management,Risk and Compliance Operations,Market Risk Management,Foreign Exchange Risk,Monitor,Compliance Data,Foreign Exchange Risk,6338,880479.69,59.81
Risk Management,Risk and Compliance Operations,Market Risk Management,Foreign Exchange Risk,Monitor,Compliance Data,Foreign Exchange Risk,8831,505467.01,24.34
Risk Management,Risk and Compliance Operations,Market Risk Management,Foreign Exchange Risk,Monitor,Compliance Data,Foreign Exchange Risk,9178,668996.79,30.27
Risk Management,Risk and Compliance Operations,Market Risk Management,Foreign Exchange Risk,Monitor,Compliance Data,Foreign Exchange Risk,7904,561642.07,56.92
Risk Management,Risk and Compliance Operations,Market Risk Management,Foreign Exchange Risk,Monitor,Compliance Data,Foreign Exchange Risk,9117,286901.78,39.14
Risk Management,Risk and Compliance Operations,Market Risk Management,Foreign Exchange Risk,Monitor,Compliance Data,Foreign Exchange Risk,2406,948261.03,16.18
Risk Management,Risk and Compliance Operations,Market Risk Management,Foreign Exchange Risk,Monitor,Compliance Data,Foreign Exchange Risk,3831,885262.85,80.42
Risk Management,Risk and Compliance Operations,Market Risk Management,Foreign Exchange Risk,Monitor,Compliance Data,Foreign Exchange Risk,5279,848288.68,33.37
Risk Management,Risk and Compliance Operations,Market Risk Management,Foreign Exchange Risk,Monitor,Compliance Data,Foreign Exchange Risk,4073,302001.66,59.13
Risk Management,Risk and Compliance Operations,Market Risk Management,Foreign Exchange Risk,Monitor,Compliance Data,Foreign Exchange Risk,9555,35800.81,41.11
Risk Management,Risk and Compliance Operations,Market Risk Management,Foreign Exchange Risk,Monitor,Compliance Data,Foreign Exchange Risk,6702,395636.35,62.08
Risk Management,Risk and Compliance Operations,Market Risk Management,Foreign Exchange Risk,Monitor,Compliance Data,Foreign Exchange Risk,6037,689353.98,73.63
Risk Management,Risk and Compliance Operations,Market Risk Management,Foreign Exchange Risk,Monitor,Compliance Data,Foreign Exchange Risk,2382,149472.52,68.24
Risk Management,Risk and Compliance Operations,Market Risk Management,Foreign Exchange Risk,Monitor,Compliance Data,Foreign Exchange Risk,1361,636432.94,4.05
Risk Management,Risk and Compliance Operations,Market Risk Management,Foreign Exchange Risk,Monitor,Compliance Data,Foreign Exchange Risk,1387,484727.48,19.74
Risk Management,Risk and Compliance Operations,Market Risk Management,Foreign Exchange Risk,Monitor,Compliance Data,Foreign Exchange Risk,6548,710832.31,3.38
Risk Management,Risk and Compliance Operations,Market Risk Management,Foreign Exchange Risk,Monitor,Compliance Data,Foreign Exchange Risk,7596,512321.75,71.96
Risk Management,Risk and Compliance Operations,Market Risk Management,Foreign Exchange Risk,Monitor,Compliance Data,Foreign Exchange Risk,2723,178578.92,23.52
Risk Management,Risk and Compliance Operations,Market Risk Management,Foreign Exchange Risk,Monitor,Compliance Data,Foreign Exchange Risk,9755,84640.62,77.02
Risk Management,Risk and Compliance Operations,Market Risk Management,Foreign Exchange Risk,Monitor,Compliance Data,Foreign Exchange Risk,1626,54715.82,54.28
Risk Management,Risk and Compliance Operations,Market Risk Management,Foreign Exchange Risk,Monitor,Compliance Data,Foreign Exchange Risk,8945,567269.76,86.21
Risk Management,Risk and Compliance Operations,Market Risk Management,Foreign Exchange Risk,Monitor,Compliance Data,Foreign Exchange Risk,1528,507320.79,84.02
Risk Management,Risk and Compliance Operations,Market Risk Management,Foreign Exchange Risk,Monitor,Compliance Data,Foreign Exchange Risk,6978,486485.74,34.98
Risk Management,Risk and Compliance Operations,Market Risk Management,Foreign Exchange Risk,Monitor,Compliance Data,Foreign Exchange Risk,6841,975686.55,52.75
Risk Management,Risk and Compliance Operations,Market Risk Management,Foreign Exchange Risk,Monitor,Compliance Data,Foreign Exchange Risk,5739,407590.24,45.87
Risk Management,Risk and Compliance Operations,Market Risk Management,Foreign Exchange Risk,Monitor,Compliance Data,Foreign Exchange Risk,4177,673707.72,48.71
Risk Management,Risk and Compliance Operations,Market Risk Management,Foreign Exchange Risk,Monitor,Compliance Data,Foreign Exchange Risk,1929,656135.5,38.33
Risk Management,Risk and Compliance Operations,Market Risk Management,Foreign Exchange Risk,Monitor,Compliance Data,Foreign Exchange Risk,7200,398054.43,54.82
Risk Management,Risk and Compliance Operations,Market Risk Management,Foreign Exchange Risk,Monitor,Compliance Data,Foreign Exchange Risk,8165,588775.75,10.84
Risk Management,Risk and Compliance Operations,Market Risk Management,Foreign Exchange Risk,Monitor,Compliance Data,Foreign Exchange Risk,2732,885584.01,76.78
Risk Management,Risk and Compliance Operations,Market Risk Management,Foreign Exchange Risk,Monitor,Compliance Data,Foreign Exchange Risk,3799,52196.75,84.53
Risk Management,Risk and Compliance Operations,Market Risk Management,Foreign Exchange Risk,Monitor,Compliance Data,Foreign Exchange Risk,5672,705503.75,27.01
Risk Management,Risk and Compliance Operations,Market Risk Management,Foreign Exchange Risk,Monitor,Compliance Data,Foreign Exchange Risk,8073,428565.08,50.86
Risk Management,Risk and Compliance Operations,Market Risk Management,Foreign Exchange Risk,Monitor,Compliance Data,Foreign Exchange Risk,8386,293339.46,37.08
Risk Management,Risk and Compliance Operations,Market Risk Management,Foreign Exchange Risk,Monitor,Compliance Data,Foreign Exchange Risk,9832,504032.99,34.24
Risk Management,Risk and Compliance Operations,Market Risk Management,Foreign Exchange Risk,Monitor,Compliance Data,Foreign Exchange Risk,6021,758681.44,0.08
Risk Management,Risk and Compliance Operations,Market Risk Management,Foreign Exchange Risk,Monitor,Compliance Data,Foreign Exchange Risk,3319,631624.16,0.23
Risk Management,Risk and Compliance Operations,Market Risk Management,Foreign Exchange Risk,Monitor,Compliance Data,Foreign Exchange Risk,9330,394758.31,64.48
Risk Management,Risk and Compliance Operations,Market Risk Management,Foreign Exchange Risk,Monitor,Compliance Data,Foreign Exchange Risk,8057,164475.96,49.73
Risk Management,Risk and Compliance Operations,Market Risk Management,Foreign Exchange Risk,Monitor,Compliance Data,Foreign Exchange Risk,6945,870034.98,83.8
Risk Management,Risk and Compliance Operations,Market Risk Management,Foreign Exchange Risk,Monitor,Compliance Data,Foreign Exchange Risk,5623,293685.54,83.06
Risk Management,Risk and Compliance Operations,Market Risk Management,Foreign Exchange Risk,Monitor,Compliance Data,Foreign Exchange Risk,7375,343230.07,88.03
Risk Management,Risk and Compliance Operations,Market Risk Management,Foreign Exchange Risk,Monitor,Compliance Data,Foreign Exchange Risk,9672,203166.39,4.45
Risk Management,Risk and Compliance Operations,Market Risk Management,Foreign Exchange Risk,Monitor,Compliance Data,Foreign Exchange Risk,3016,935918.39,75.86
Risk Management,Risk and Compliance Operations,Market Risk Management,Foreign Exchange Risk,Monitor,Compliance Data,Foreign Exchange Risk,3434,49893.41,97.83
Risk Management,Risk and Compliance Operations,Market Risk Management,Foreign Exchange Risk,Monitor,Compliance Data,Foreign Exchange Risk,6234,679459.2,55.25
Risk Management,Risk and Compliance Operations,Market Risk Management,Foreign Exchange Risk,Monitor,Compliance Data,Foreign Exchange Risk,7814,810687.7,63.68
Risk Management,Risk and Compliance Operations,Market Risk Management,Foreign Exchange Risk,Monitor,Compliance Data,Foreign Exchange Risk,7368,539777.61,67.2
Risk Management,Risk and Compliance Operations,Market Risk Management,Foreign Exchange Risk,Monitor,Compliance Data,Foreign Exchange Risk,8459,52488.18,60.21
Risk Management,Risk and Compliance Operations,Market Risk Management,Foreign Exchange Risk,Monitor,Compliance Data,Foreign Exchange Risk,7595,81219.65,32.7
Risk Management,Risk and Compliance Operations,Market Risk Management,Foreign Exchange Risk,Monitor,Compliance Data,Foreign Exchange Risk,3169,450351.88,15.44
Risk Management,Risk and Compliance Operations,Market Risk Management,Foreign Exchange Risk,Monitor,Compliance Data,Foreign Exchange Risk,5457,893538.85,36.35
Risk Management,Risk and Compliance Operations,Market Risk Management,Foreign Exchange Risk,Monitor,Compliance Data,Foreign Exchange Risk,3072,460510.01,84.74
Risk Management,Risk and Compliance Operations,Market Risk Management,Foreign Exchange Risk,Monitor,Compliance Data,Foreign Exchange Risk,7987,912865.15,63.69
Risk Management,Risk and Compliance Operations,Market Risk Management,Foreign Exchange Risk,Monitor,Compliance Data,Foreign Exchange Risk,1518,806949.36,4.81
Risk Management,Risk and Compliance Operations,Market Risk Management,Foreign Exchange Risk,Monitor,Compliance Data,Foreign Exchange Risk,4160,887672.99,60.19
Risk Management,Risk and Compliance Operations,Market Risk Management,Foreign Exchange Risk,Monitor,Compliance Data,Foreign Exchange Risk,5668,534540.16,68.17
Risk Management,Risk and Compliance Operations,Market Risk Management,Foreign Exchange Risk,Monitor,Compliance Data,Foreign Exchange Risk,8534,731908.76,78.19
Risk Management,Risk and Compliance Operations,Market Risk Management,Foreign Exchange Risk,Monitor,Compliance Data,Foreign Exchange Risk,9058,285779.96,86.38
Risk Management,Risk and Compliance Operations,Market Risk Management,Foreign Exchange Risk,Monitor,Compliance Data,Foreign Exchange Risk,3331,700494.9,18.27
Risk Management,Risk and Compliance Operations,Market Risk Management,Foreign Exchange Risk,Monitor,Compliance Data,Foreign Exchange Risk,2706,552760.04,91.91
Risk Management,Risk and Compliance Operations,Market Risk Management,Foreign Exchange Risk,Monitor,Compliance Data,Foreign Exchange Risk,4074,251588.52,91.66
Risk Management,Risk and Compliance Operations,Market Risk Management,Foreign Exchange Risk,Monitor,Compliance Data,Foreign Exchange Risk,3162,434501.98,2.47
Risk Management,Risk and Compliance Operations,Market Risk Management,Foreign Exchange Risk,Monitor,Compliance Data,Foreign Exchange Risk,5384,758057.11,14.99
Risk Management,Risk and Compliance Operations,Market Risk Management,Foreign Exchange Risk,Monitor,Compliance Data,Foreign Exchange Risk,1803,578570.76,59.96
Risk Management,Risk and Compliance Operations,Market Risk Management,Foreign Exchange Risk,Monitor,Compliance Data,Foreign Exchange Risk,2159,942525.1,52.22
Risk Management,Risk and Compliance Operations,Market Risk Management,Foreign Exchange Risk,Monitor,Compliance Data,Foreign Exchange Risk,7359,353472.74,19.24
Risk Management,Risk and Compliance Operations,Market Risk Management,Foreign Exchange Risk,Monitor,Compliance Data,Foreign Exchange Risk,1624,290629.4,26.64
Risk Management,Risk and Compliance Operations,Market Risk Management,Foreign Exchange Risk,Monitor,Compliance Data,Foreign Exchange Risk,4012,486306.12,21.41
Risk Management,Risk and Compliance Operations,Market Risk Management,Foreign Exchange Risk,Monitor,Compliance Data,Foreign Exchange Risk,8040,813573.92,62.23
Risk Management,Risk and Compliance Operations,Market Risk Management,Foreign Exchange Risk,Monitor,Compliance Data,Foreign Exchange Risk,7677,72865.64,51.77
Risk Management,Risk and Compliance Operations,Market Risk Management,Foreign Exchange Risk,Monitor,Compliance Data,Foreign Exchange Risk,1694,980710.35,82.98
Risk Management,Risk and Compliance Operations,Market Risk Management,Foreign Exchange Risk,Monitor,Compliance Data,Foreign Exchange Risk,6975,840888.12,59.11
Risk Management,Risk and Compliance Operations,Market Risk Management,Foreign Exchange Risk,Monitor,Compliance Data,Foreign Exchange Risk,7792,716281.47,13.3
Risk Management,Risk and Compliance Operations,Market Risk Management,Foreign Exchange Risk,Monitor,Compliance Data,Foreign Exchange Risk,1261,671078.21,10.22
Risk Management,Risk and Compliance Operations,Market Risk Management,Foreign Exchange Risk,Monitor,Compliance Data,Foreign Exchange Risk,5051,882773.17,10.61
Risk Management,Risk and Compliance Operations,Market Risk Management,Foreign Exchange Risk,Monitor,Compliance Data,Foreign Exchange Risk,6465,850986.97,44.18
Risk Management,Risk and Compliance Operations,Market Risk Management,Foreign Exchange Risk,Monitor,Compliance Data,Foreign Exchange Risk,5876,873774.78,74.68
Risk Management,Risk and Compliance Operations,Market Risk Management,Foreign Exchange Risk,Monitor,Compliance Data,Foreign Exchange Risk,5262,993307.99,8.73
Risk Management,Risk and Compliance Operations,Market Risk Management,Foreign Exchange Risk,Monitor,Compliance Data,Foreign Exchange Risk,4694,839466.47,32.38
Risk Management,Risk and Compliance Operations,Market Risk Management,Foreign Exchange Risk,Monitor,Compliance Data,Foreign Exchange Risk,1358,419456.44,48.32
Risk Management,Risk and Compliance Operations,Market Risk Management,Foreign Exchange Risk,Monitor,Compliance Data,Foreign Exchange Risk,2542,805044.35,38.27
Risk Management,Risk and Compliance Operations,Market Risk Management,Foreign Exchange Risk,Monitor,Compliance Data,Foreign Exchange Risk,4648,880078.46,64.58
Risk Management,Risk and Compliance Operations,Market Risk Management,Foreign Exchange Risk,Monitor,Compliance Data,Foreign Exchange Risk,1646,959454.05,46.86
Risk Management,Risk and Compliance Operations,Market Risk Management,Foreign Exchange Risk,Monitor,Compliance Data,Foreign Exchange Risk,6698,943987.34,24.48
Risk Management,Risk and Compliance Operations,Market Risk Management,Foreign Exchange Risk,Monitor,Compliance Data,Foreign Exchange Risk,5098,969435.47,86.88
Risk Management,Risk and Compliance Operations,Market Risk Management,Foreign Exchange Risk,Monitor,Compliance Data,Foreign Exchange Risk,2143,792751.54,63.58
Risk Management,Risk and Compliance Operations,Market Risk Management,Foreign Exchange Risk,Monitor,Compliance Data,Foreign Exchange Risk,6117,468674.47,54.17
Risk Management,Risk and Compliance Operations,Market Risk Management,Foreign Exchange Risk,Monitor,Compliance Data,Foreign Exchange Risk,1789,321100.0,97.66
Risk Management,Risk and Compliance Operations,Market Risk Management,Foreign Exchange Risk,Monitor,Compliance Data,Foreign Exchange Risk,4609,239330.89,48.86
Risk Management,Risk and Compliance Operations,Market Risk Management,Foreign Exchange Risk,Monitor,Compliance Data,Foreign Exchange Risk,3113,309683.12,71.83
Risk Management,Risk and Compliance Operations,Market Risk Management,Foreign Exchange Risk,Monitor,Compliance Data,Foreign Exchange Risk,6965,637872.85,82.63
Risk Management,Risk and Compliance Operations,Market Risk Management,Foreign Exchange Risk,Monitor,Compliance Data,Foreign Exchange Risk,4667,194382.89,90.3
Risk Management,Risk and Compliance Operations,Market Risk Management,Foreign Exchange Risk,Monitor,Compliance Data,Foreign Exchange Risk,8164,381848.46,66.22
Risk Management,Risk and Compliance Operations,Market Risk Management,Foreign Exchange Risk,Monitor,Compliance Data,Foreign Exchange Risk,8444,442521.72,35.8
Risk Management,Risk and Compliance Operations,Market Risk Management,Foreign Exchange Risk,Monitor,Compliance Data,Foreign Exchange Risk,8903,723240.52,5.29
Risk Management,Risk and Compliance Operations,Market Risk Management,Foreign Exchange Risk,Monitor,Compliance Data,Foreign Exchange Risk,7220,547323.88,55.82
Risk Management,Risk and Compliance Operations,Market Risk Management,Foreign Exchange Risk,Monitor,Compliance Data,Foreign Exchange Risk,4545,610097.31,70.39
Risk Management,Risk and Compliance Operations,Market Risk Management,Foreign Exchange Risk,Monitor,Compliance Data,Foreign Exchange Risk,3230,33793.58,50.44
Risk Management,Risk and Compliance Operations,Market Risk Management,Foreign Exchange Risk,Monitor,Compliance Data,Foreign Exchange Risk,6361,82372.38,1.86
Risk Management,Risk and Compliance Operations,Market Risk Management,Foreign Exchange Risk,Monitor,Compliance Data,Foreign Exchange Risk,3189,280157.51,26.09
Risk Management,Risk and Compliance Operations,Market Risk Management,Foreign Exchange Risk,Monitor,Compliance Data,Foreign Exchange Risk,4310,68936.49,68.23
Risk Management,Risk and Compliance Operations,Market Risk Management,Foreign Exchange Risk,Monitor,Compliance Data,Foreign Exchange Risk,3073,25848.77,79.58
Risk Management,Risk and Compliance Operations,Market Risk Management,Foreign Exchange Risk,Monitor,Compliance Data,Foreign Exchange Risk,3908,716920.09,16.17
Risk Management,Risk and Compliance Operations,Market Risk Management,Foreign Exchange Risk,Monitor,Compliance Data,Foreign Exchange Risk,6027,403451.11,71.69
Risk Management,Risk and Compliance Operations,Market Risk Management,Foreign Exchange Risk,Monitor,Compliance Data,Foreign Exchange Risk,8231,784311.94,41.06
Risk Management,Risk and Compliance Operations,Market Risk Management,Foreign Exchange Risk,Monitor,Compliance Data,Foreign Exchange Risk,2207,951391.3,40.4
Risk Management,Risk and Compliance Operations,Market Risk Management,Foreign Exchange Risk,Monitor,Compliance Data,Foreign Exchange Risk,8738,520319.57,70.07
Risk Management,Risk and Compliance Operations,Market Risk Management,Foreign Exchange Risk,Monitor,Compliance Data,Foreign Exchange Risk,1913,364426.2,88.49
Risk Management,Risk and Compliance Operations,Market Risk Management,Foreign Exchange Risk,Monitor,Compliance Data,Foreign Exchange Risk,6280,905361.29,89.17
Risk Management,Risk and Compliance Operations,Market Risk Management,Foreign Exchange Risk,Monitor,Compliance Data,Foreign Exchange Risk,7342,853694.35,96.9
Risk Management,Risk and Compliance Operations,Market Risk Management,Foreign Exchange Risk,Monitor,Compliance Data,Foreign Exchange Risk,9013,656806.38,18.41
Risk Management,Risk and Compliance Operations,Market Risk Management,Foreign Exchange Risk,Monitor,Compliance Data,Foreign Exchange Risk,5969,140749.11,43.34
Risk Management,Risk and Compliance Operations,Market Risk Management,Foreign Exchange Risk,Monitor,Compliance Data,Foreign Exchange Risk,4020,167008.65,14.55
Risk Management,Risk and Compliance Operations,Market Risk Management,Foreign Exchange Risk,Monitor,Compliance Data,Foreign Exchange Risk,5243,423543.32,56.49
Risk Management,Risk and Compliance Operations,Market Risk Management,Foreign Exchange Risk,Monitor,Compliance Data,Foreign Exchange Risk,2359,616329.29,91.28
Risk Management,Risk and Compliance Operations,Market Risk Management,Foreign Exchange Risk,Monitor,Compliance Data,Foreign Exchange Risk,5636,21818.3,40.22
Risk Management,Risk and Compliance Operations,Market Risk Management,Foreign Exchange Risk,Monitor,Compliance Data,Foreign Exchange Risk,9493,264352.64,50.22
Risk Management,Risk and Compliance Operations,Market Risk Management,Foreign Exchange Risk,Monitor,Compliance Data,Foreign Exchange Risk,4972,703368.95,78.61
Risk Management,Risk and Compliance Operations,Market Risk Management,Foreign Exchange Risk,Monitor,Compliance Data,Foreign Exchange Risk,7400,342290.17,87.17
Risk Management,Risk and Compliance Operations,Market Risk Management,Foreign Exchange Risk,Monitor,Compliance Data,Foreign Exchange Risk,1370,306134.38,4.0
Risk Management,Risk and Compliance Operations,Market Risk Management,Foreign Exchange Risk,Monitor,Compliance Data,Foreign Exchange Risk,2574,253274.18,86.71
Risk Management,Risk and Compliance Operations,Market Risk Management,Foreign Exchange Risk,Monitor,Compliance Data,Foreign Exchange Risk,1588,130968.95,43.7
Risk Management,Risk and Compliance Operations,Market Risk Management,Foreign Exchange Risk,Monitor,Compliance Data,Foreign Exchange Risk,5562,409426.47,97.28
Risk Management,Risk and Compliance Operations,Market Risk Management,Foreign Exchange Risk,Monitor,Compliance Data,Foreign Exchange Risk,2160,960575.39,1.1
Risk Management,Risk and Compliance Operations,Market Risk Management,Foreign Exchange Risk,Monitor,Compliance Data,Foreign Exchange Risk,6028,404392.17,63.56
Risk Management,Risk and Compliance Operations,Market Risk Management,Foreign Exchange Risk,Monitor,Compliance Data,Foreign Exchange Risk,4241,338062.67,47.0
Risk Management,Risk and Compliance Operations,Market Risk Management,Foreign Exchange Risk,Monitor,Compliance Data,Foreign Exchange Risk,3175,511165.01,4.62
Risk Management,Risk and Compliance Operations,Market Risk Management,Foreign Exchange Risk,Monitor,Compliance Data,Foreign Exchange Risk,1941,510961.42,12.72
Risk Management,Risk and Compliance Operations,Market Risk Management,Foreign Exchange Risk,Monitor,Compliance Data,Foreign Exchange Risk,5390,525237.12,85.33
Risk Management,Risk and Compliance Operations,Market Risk Management,Foreign Exchange Risk,Monitor,Compliance Data,Foreign Exchange Risk,2130,958981.63,68.03
Risk Management,Risk and Compliance Operations,Market Risk Management,Foreign Exchange Risk,Monitor,Compliance Data,Foreign Exchange Risk,1006,932325.24,33.48
Risk Management,Risk and Compliance Operations,Market Risk Management,Foreign Exchange Risk,Monitor,Compliance Data,Foreign Exchange Risk,2760,823668.13,25.98
Risk Management,Risk and Compliance Operations,Market Risk Management,Foreign Exchange Risk,Monitor,Compliance Data,Foreign Exchange Risk,5547,614150.5,54.89
Risk Management,Risk and Compliance Operations,Market Risk Management,Foreign Exchange Risk,Monitor,Compliance Data,Foreign Exchange Risk,5147,987338.65,93.03
Risk Management,Risk and Compliance Operations,Market Risk Management,Foreign Exchange Risk,Monitor,Compliance Data,Foreign Exchange Risk,3224,13083.79,98.41
Risk Management,Risk and Compliance Operations,Market Risk Management,Foreign Exchange Risk,Monitor,Compliance Data,Foreign Exchange Risk,3464,748643.37,53.27
Risk Management,Risk and Compliance Operations,Market Risk Management,Foreign Exchange Risk,Monitor,Compliance Data,Foreign Exchange Risk,1907,229171.49,88.21
Risk Management,Risk and Compliance Operations,Market Risk Management,Foreign Exchange Risk,Monitor,Compliance Data,Foreign Exchange Risk,3640,364975.43,9.23
Risk Management,Risk and Compliance Operations,Market Risk Management,Foreign Exchange Risk,Monitor,Compliance Data,Foreign Exchange Risk,1902,306290.22,95.95
Risk Management,Risk and Compliance Operations,Market Risk Management,Foreign Exchange Risk,Monitor,Compliance Data,Foreign Exchange Risk,4373,299591.43,81.74
Risk Management,Risk and Compliance Operations,Market Risk Management,Foreign Exchange Risk,Monitor,Compliance Data,Foreign Exchange Risk,1264,962107.55,91.24
Risk Management,Risk and Compliance Operations,Market Risk Management,Foreign Exchange Risk,Monitor,Compliance Data,Foreign Exchange Risk,8059,765176.16,14.06
Risk Management,Risk and Compliance Operations,Market Risk Management,Foreign Exchange Risk,Monitor,Compliance Data,Foreign Exchange Risk,9875,161244.27,3.27
Risk Management,Risk and Compliance Operations,Market Risk Management,Foreign Exchange Risk,Monitor,Compliance Data,Foreign Exchange Risk,6264,558950.42,41.88
Risk Management,Risk and Compliance Operations,Market Risk Management,Foreign Exchange Risk,Monitor,Compliance Data,Foreign Exchange Risk,2217,416337.87,60.4
Risk Management,Risk and Compliance Operations,Market Risk Management,Foreign Exchange Risk,Monitor,Compliance Data,Foreign Exchange Risk,1638,179954.29,67.4
Risk Management,Risk and Compliance Operations,Market Risk Management,Foreign Exchange Risk,Monitor,Compliance Data,Foreign Exchange Risk,4976,274759.4,76.34
Risk Management,Risk and Compliance Operations,Market Risk Management,Foreign Exchange Risk,Monitor,Compliance Data,Foreign Exchange Risk,2761,648838.89,76.89
Risk Management,Risk and Compliance Operations,Market Risk Management,Foreign Exchange Risk,Monitor,Compliance Data,Foreign Exchange Risk,8369,88648.72,62.87
Risk Management,Risk and Compliance Operations,Market Risk Management,Foreign Exchange Risk,Monitor,Compliance Data,Foreign Exchange Risk,5896,623974.98,80.63
Risk Management,Risk and Compliance Operations,Market Risk Management,Foreign Exchange Risk,Monitor,Compliance Data,Foreign Exchange Risk,7062,270318.03,25.18
Risk Management,Risk and Compliance Operations,Market Risk Management,Foreign Exchange Risk,Monitor,Compliance Data,Foreign Exchange Risk,1917,290904.37,81.52
Risk Management,Risk and Compliance Operations,Market Risk Management,Foreign Exchange Risk,Monitor,Compliance Data,Foreign Exchange Risk,8872,37791.63,44.12
Risk Management,Risk and Compliance Operations,Market Risk Management,Foreign Exchange Risk,Monitor,Compliance Data,Foreign Exchange Risk,3805,799864.48,89.3
Risk Management,Risk and Compliance Operations,Market Risk Management,Foreign Exchange Risk,Monitor,Compliance Data,Foreign Exchange Risk,6212,804219.51,58.39
Risk Management,Risk and Compliance Operations,Market Risk Management,Foreign Exchange Risk,Monitor,Compliance Data,Foreign Exchange Risk,7231,417019.66,43.02
Risk Management,Risk and Compliance Operations,Market Risk Management,Foreign Exchange Risk,Monitor,Compliance Data,Foreign Exchange Risk,6603,614763.69,66.0
Risk Management,Risk and Compliance Operations,Market Risk Management,Foreign Exchange Risk,Monitor,Compliance Data,Foreign Exchange Risk,3698,70995.24,98.15
Risk Management,Risk and Compliance Operations,Market Risk Management,Foreign Exchange Risk,Monitor,Compliance Data,Foreign Exchange Risk,5853,67765.99,1.5
Risk Management,Risk and Compliance Operations,Market Risk Management,Foreign Exchange Risk,Monitor,Compliance Data,Foreign Exchange Risk,1302,336060.95,45.18
Risk Management,Risk and Compliance Operations,Market Risk Management,Foreign Exchange Risk,Monitor,Compliance Data,Foreign Exchange Risk,2474,73355.38,91.36
Risk Management,Risk and Compliance Operations,Market Risk Management,Foreign Exchange Risk,Monitor,Compliance Data,Foreign Exchange Risk,6440,371854.04,46.28
Risk Management,Risk and Compliance Operations,Market Risk Management,Foreign Exchange Risk,Monitor,Compliance Data,Foreign Exchange Risk,8758,910977.55,26.08
Risk Management,Risk and Compliance Operations,Market Risk Management,Foreign Exchange Risk,Monitor,Compliance Data,Foreign Exchange Risk,7142,400732.75,49.07
Risk Management,Risk and Compliance Operations,Market Risk Management,Foreign Exchange Risk,Monitor,Compliance Data,Foreign Exchange Risk,8614,683984.0,8.25
Risk Management,Risk and Compliance Operations,Market Risk Management,Foreign Exchange Risk,Monitor,Compliance Data,Foreign Exchange Risk,6814,731741.48,88.84
Risk Management,Risk and Compliance Operations,Market Risk Management,Foreign Exchange Risk,Monitor,Compliance Data,Foreign Exchange Risk,6571,880346.98,69.12
Risk Management,Risk and Compliance Operations,Market Risk Management,Foreign Exchange Risk,Monitor,Compliance Data,Foreign Exchange Risk,4706,90977.69,42.67
Risk Management,Risk and Compliance Operations,Market Risk Management,Foreign Exchange Risk,Monitor,Compliance Data,Foreign Exchange Risk,5738,895263.38,93.82
Risk Management,Risk and Compliance Operations,Market Risk Management,Foreign Exchange Risk,Monitor,Compliance Data,Foreign Exchange Risk,3934,267637.66,89.12
Risk Management,Risk and Compliance Operations,Market Risk Management,Foreign Exchange Risk,Monitor,Compliance Data,Foreign Exchange Risk,8205,535320.2,80.13
Risk Management,Risk and Compliance Operations,Market Risk Management,Foreign Exchange Risk,Monitor,Compliance Data,Foreign Exchange Risk,3843,539674.54,89.1
Risk Management,Risk and Compliance Operations,Market Risk Management,Foreign Exchange Risk,Monitor,Compliance Data,Foreign Exchange Risk,4791,945433.96,71.63
Risk Management,Risk and Compliance Operations,Market Risk Management,Foreign Exchange Risk,Monitor,Compliance Data,Foreign Exchange Risk,9413,278766.29,46.17
Risk Management,Risk and Compliance Operations,Market Risk Management,Foreign Exchange Risk,Monitor,Compliance Data,Foreign Exchange Risk,1430,798129.08,73.75
Risk Management,Risk and Compliance Operations,Market Risk Management,Foreign Exchange Risk,Monitor,Compliance Data,Foreign Exchange Risk,4112,576597.76,90.48
Risk Management,Risk and Compliance Operations,Market Risk Management,Foreign Exchange Risk,Monitor,Compliance Data,Foreign Exchange Risk,3648,855548.71,84.76
Risk Management,Risk and Compliance Operations,Market Risk Management,Foreign Exchange Risk,Monitor,Compliance Data,Foreign Exchange Risk,2548,347782.1,66.8
Risk Management,Risk and Compliance Operations,Market Risk Management,Foreign Exchange Risk,Monitor,Compliance Data,Foreign Exchange Risk,8836,301546.63,22.72
Risk Management,Risk and Compliance Operations,Market Risk Management,Foreign Exchange Risk,Monitor,Compliance Data,Foreign Exchange Risk,4606,758603.16,20.03
Risk Management,Risk and Compliance Operations,Market Risk Management,Foreign Exchange Risk,Monitor,Compliance Data,Foreign Exchange Risk,8500,854416.86,37.81
Risk Management,Risk and Compliance Operations,Market Risk Management,Foreign Exchange Risk,Monitor,Compliance Data,Foreign Exchange Risk,6819,202937.09,10.1
Risk Management,Risk and Compliance Operations,Market Risk Management,Foreign Exchange Risk,Monitor,Compliance Data,Foreign Exchange Risk,1695,719493.77,89.88
Risk Management,Risk and Compliance Operations,Market Risk Management,Foreign Exchange Risk,Monitor,Compliance Data,Foreign Exchange Risk,6817,923184.38,72.44
Risk Management,Risk and Compliance Operations,Market Risk Management,Foreign Exchange Risk,Monitor,Compliance Data,Foreign Exchange Risk,9144,851637.62,79.23
Risk Management,Risk and Compliance Operations,Market Risk Management,Foreign Exchange Risk,Monitor,Compliance Data,Foreign Exchange Risk,4820,305806.5,89.64
Risk Management,Risk and Compliance Operations,Market Risk Management,Foreign Exchange Risk,Monitor,Compliance Data,Foreign Exchange Risk,6654,184704.04,74.52
Risk Management,Risk and Compliance Operations,Market Risk Management,Foreign Exchange Risk,Monitor,Compliance Data,Foreign Exchange Risk,1037,787144.63,60.06
Risk Management,Risk and Compliance Operations,Market Risk Management,Foreign Exchange Risk,Monitor,Compliance Data,Foreign Exchange Risk,2775,380425.03,64.48
Risk Management,Risk and Compliance Operations,Market Risk Management,Foreign Exchange Risk,Monitor,Compliance Data,Foreign Exchange Risk,2781,224166.35,45.11
Risk Management,Risk and Compliance Operations,Market Risk Management,Foreign Exchange Risk,Monitor,Compliance Data,Foreign Exchange Risk,2015,764605.44,88.24
Risk Management,Risk and Compliance Operations,Market Risk Management,Foreign Exchange Risk,Monitor,Compliance Data,Foreign Exchange Risk,1369,278453.57,42.65
Risk Management,Risk and Compliance Operations,Market Risk Management,Foreign Exchange Risk,Monitor,Compliance Data,Foreign Exchange Risk,8979,546663.38,94.12
Risk Management,Risk and Compliance Operations,Market Risk Management,Foreign Exchange Risk,Monitor,Compliance Data,Foreign Exchange Risk,4197,526006.0,33.22
Risk Management,Risk and Compliance Operations,Market Risk Management,Foreign Exchange Risk,Monitor,Compliance Data,Foreign Exchange Risk,5203,227886.63,93.77
Risk Management,Risk and Compliance Operations,Market Risk Management,Foreign Exchange Risk,Monitor,Compliance Data,Foreign Exchange Risk,7167,880106.3,37.77
Risk Management,Risk and Compliance Operations,Market Risk Management,Foreign Exchange Risk,Monitor,Compliance Data,Foreign Exchange Risk,3303,709132.23,43.45
Risk Management,Risk and Compliance Operations,Market Risk Management,Foreign Exchange Risk,Monitor,Compliance Data,Foreign Exchange Risk,6563,184703.45,63.78
Risk Management,Risk and Compliance Operations,Market Risk Management,Foreign Exchange Risk,Monitor,Compliance Data,Foreign Exchange Risk,9044,103733.36,56.93
Risk Management,Risk and Compliance Operations,Market Risk Management,Foreign Exchange Risk,Monitor,Compliance Data,Foreign Exchange Risk,2940,801952.64,3.5
Risk Management,Risk and Compliance Operations,Market Risk Management,Foreign Exchange Risk,Monitor,Compliance Data,Foreign Exchange Risk,7117,247078.75,85.83
Risk Management,Risk and Compliance Operations,Market Risk Management,Foreign Exchange Risk,Monitor,Compliance Data,Foreign Exchange Risk,6503,535749.34,93.97
Risk Management,Risk and Compliance Operations,Market Risk Management,Foreign Exchange Risk,Monitor,Compliance Data,Foreign Exchange Risk,6210,666651.26,52.29
Risk Management,Risk and Compliance Operations,Market Risk Management,Foreign Exchange Risk,Monitor,Compliance Data,Foreign Exchange Risk,9803,675993.77,22.63
Risk Management,Risk and Compliance Operations,Market Risk Management,Foreign Exchange Risk,Monitor,Compliance Data,Foreign Exchange Risk,7546,213102.43,27.71
Risk Management,Risk and Compliance Operations,Market Risk Management,Foreign Exchange Risk,Monitor,Compliance Data,Foreign Exchange Risk,3126,440052.08,51.76
Risk Management,Risk and Compliance Operations,Market Risk Management,Foreign Exchange Risk,Monitor,Compliance Data,Foreign Exchange Risk,1643,322745.71,38.62
Risk Management,Risk and Compliance Operations,Market Risk Management,Foreign Exchange Risk,Monitor,Compliance Data,Foreign Exchange Risk,2970,741652.71,82.28
Risk Management,Risk and Compliance Operations,Market Risk Management,Foreign Exchange Risk,Monitor,Compliance Data,Foreign Exchange Risk,1365,478302.26,95.94
Risk Management,Risk and Compliance Operations,Market Risk Management,Foreign Exchange Risk,Monitor,Compliance Data,Foreign Exchange Risk,1414,404617.85,91.82
