Business Domain,Domain Segment,Data Segment,Business Activity,Value Domain,Data Domain,Task,Customer ID,Interest Rate (%),Compliance Score
Risk Management,Risk and Compliance Operations,Market Risk Management,Monitor Interest Rate,Monitor,Compliance Data,Monitor Interest Rate,1388,6.17,75.08
Risk Management,Risk and Compliance Operations,Market Risk Management,Monitor Interest Rate,Monitor,Compliance Data,Monitor Interest Rate,5754,14.91,69.55
Risk Management,Risk and Compliance Operations,Market Risk Management,Monitor Interest Rate,Monitor,Compliance Data,Monitor Interest Rate,4854,14.64,77.44
Risk Management,Risk and Compliance Operations,Market Risk Management,Monitor Interest Rate,Monitor,Compliance Data,Monitor Interest Rate,5880,11.57,56.1
Risk Management,Risk and Compliance Operations,Market Risk Management,Monitor Interest Rate,Monitor,Compliance Data,Monitor Interest Rate,8273,12.0,87.87
Risk Management,Risk and Compliance Operations,Market Risk Management,Monitor Interest Rate,Monitor,Compliance Data,Monitor Interest Rate,4246,9.36,84.78
Risk Management,Risk and Compliance Operations,Market Risk Management,Monitor Interest Rate,Monitor,Compliance Data,Monitor Interest Rate,2110,7.59,83.84
Risk Management,Risk and Compliance Operations,Market Risk Management,Monitor Interest Rate,Monitor,Compliance Data,Monitor Interest Rate,8290,11.32,76.18
Risk Management,Risk and Compliance Operations,Market Risk Management,Monitor Interest Rate,Monitor,Compliance Data,Monitor Interest Rate,4411,14.71,62.0
Risk Management,Risk and Compliance Operations,Market Risk Management,Monitor Interest Rate,Monitor,Compliance Data,Monitor Interest Rate,7618,2.04,72.45
Risk Management,Risk and Compliance Operations,Market Risk Management,Monitor Interest Rate,Monitor,Compliance Data,Monitor Interest Rate,8694,12.16,72.61
Risk Management,Risk and Compliance Operations,Market Risk Management,Monitor Interest Rate,Monitor,Compliance Data,Monitor Interest Rate,1156,1.08,87.96
Risk Management,Risk and Compliance Operations,Market Risk Management,Monitor Interest Rate,Monitor,Compliance Data,Monitor Interest Rate,7995,14.6,88.94
Risk Management,Risk and Compliance Operations,Market Risk Management,Monitor Interest Rate,Monitor,Compliance Data,Monitor Interest Rate,7849,4.57,83.36
Risk Management,Risk and Compliance Operations,Market Risk Management,Monitor Interest Rate,Monitor,Compliance Data,Monitor Interest Rate,9556,1.83,98.01
Risk Management,Risk and Compliance Operations,Market Risk Management,Monitor Interest Rate,Monitor,Compliance Data,Monitor Interest Rate,7274,2.26,88.74
Risk Management,Risk and Compliance Operations,Market Risk Management,Monitor Interest Rate,Monitor,Compliance Data,Monitor Interest Rate,8855,12.19,85.42
Risk Management,Risk and Compliance Operations,Market Risk Management,Monitor Interest Rate,Monitor,Compliance Data,Monitor Interest Rate,3908,13.43,91.66
Risk Management,Risk and Compliance Operations,Market Risk Management,Monitor Interest Rate,Monitor,Compliance Data,Monitor Interest Rate,7552,8.17,82.03
Risk Management,Risk and Compliance Operations,Market Risk Management,Monitor Interest Rate,Monitor,Compliance Data,Monitor Interest Rate,9741,7.59,75.15
Risk Management,Risk and Compliance Operations,Market Risk Management,Monitor Interest Rate,Monitor,Compliance Data,Monitor Interest Rate,1860,11.6,99.82
Risk Management,Risk and Compliance Operations,Market Risk Management,Monitor Interest Rate,Monitor,Compliance Data,Monitor Interest Rate,8840,10.27,97.46
Risk Management,Risk and Compliance Operations,Market Risk Management,Monitor Interest Rate,Monitor,Compliance Data,Monitor Interest Rate,7825,0.6,65.82
Risk Management,Risk and Compliance Operations,Market Risk Management,Monitor Interest Rate,Monitor,Compliance Data,Monitor Interest Rate,4684,0.76,79.32
Risk Management,Risk and Compliance Operations,Market Risk Management,Monitor Interest Rate,Monitor,Compliance Data,Monitor Interest Rate,8482,8.87,53.27
Risk Management,Risk and Compliance Operations,Market Risk Management,Monitor Interest Rate,Monitor,Compliance Data,Monitor Interest Rate,5144,14.71,53.54
Risk Management,Risk and Compliance Operations,Market Risk Management,Monitor Interest Rate,Monitor,Compliance Data,Monitor Interest Rate,6248,3.89,52.28
Risk Management,Risk and Compliance Operations,Market Risk Management,Monitor Interest Rate,Monitor,Compliance Data,Monitor Interest Rate,1813,6.04,86.49
Risk Management,Risk and Compliance Operations,Market Risk Management,Monitor Interest Rate,Monitor,Compliance Data,Monitor Interest Rate,6253,2.79,89.92
Risk Management,Risk and Compliance Operations,Market Risk Management,Monitor Interest Rate,Monitor,Compliance Data,Monitor Interest Rate,3191,11.76,62.18
Risk Management,Risk and Compliance Operations,Market Risk Management,Monitor Interest Rate,Monitor,Compliance Data,Monitor Interest Rate,6221,7.88,83.89
Risk Management,Risk and Compliance Operations,Market Risk Management,Monitor Interest Rate,Monitor,Compliance Data,Monitor Interest Rate,7828,9.29,69.74
Risk Management,Risk and Compliance Operations,Market Risk Management,Monitor Interest Rate,Monitor,Compliance Data,Monitor Interest Rate,7135,5.96,87.4
Risk Management,Risk and Compliance Operations,Market Risk Management,Monitor Interest Rate,Monitor,Compliance Data,Monitor Interest Rate,3234,12.43,78.89
Risk Management,Risk and Compliance Operations,Market Risk Management,Monitor Interest Rate,Monitor,Compliance Data,Monitor Interest Rate,1354,1.93,97.18
Risk Management,Risk and Compliance Operations,Market Risk Management,Monitor Interest Rate,Monitor,Compliance Data,Monitor Interest Rate,4838,4.0,68.15
Risk Management,Risk and Compliance Operations,Market Risk Management,Monitor Interest Rate,Monitor,Compliance Data,Monitor Interest Rate,5573,7.08,68.48
Risk Management,Risk and Compliance Operations,Market Risk Management,Monitor Interest Rate,Monitor,Compliance Data,Monitor Interest Rate,5814,1.02,61.28
Risk Management,Risk and Compliance Operations,Market Risk Management,Monitor Interest Rate,Monitor,Compliance Data,Monitor Interest Rate,8251,3.18,77.81
Risk Management,Risk and Compliance Operations,Market Risk Management,Monitor Interest Rate,Monitor,Compliance Data,Monitor Interest Rate,1244,2.28,61.22
Risk Management,Risk and Compliance Operations,Market Risk Management,Monitor Interest Rate,Monitor,Compliance Data,Monitor Interest Rate,6223,0.67,57.42
Risk Management,Risk and Compliance Operations,Market Risk Management,Monitor Interest Rate,Monitor,Compliance Data,Monitor Interest Rate,1348,2.27,75.99
Risk Management,Risk and Compliance Operations,Market Risk Management,Monitor Interest Rate,Monitor,Compliance Data,Monitor Interest Rate,1189,3.52,59.31
Risk Management,Risk and Compliance Operations,Market Risk Management,Monitor Interest Rate,Monitor,Compliance Data,Monitor Interest Rate,6947,10.93,57.8
Risk Management,Risk and Compliance Operations,Market Risk Management,Monitor Interest Rate,Monitor,Compliance Data,Monitor Interest Rate,6931,12.49,85.31
Risk Management,Risk and Compliance Operations,Market Risk Management,Monitor Interest Rate,Monitor,Compliance Data,Monitor Interest Rate,8249,14.35,61.91
Risk Management,Risk and Compliance Operations,Market Risk Management,Monitor Interest Rate,Monitor,Compliance Data,Monitor Interest Rate,4025,5.89,79.31
Risk Management,Risk and Compliance Operations,Market Risk Management,Monitor Interest Rate,Monitor,Compliance Data,Monitor Interest Rate,2115,1.96,85.31
Risk Management,Risk and Compliance Operations,Market Risk Management,Monitor Interest Rate,Monitor,Compliance Data,Monitor Interest Rate,7767,2.37,67.12
Risk Management,Risk and Compliance Operations,Market Risk Management,Monitor Interest Rate,Monitor,Compliance Data,Monitor Interest Rate,1355,8.78,66.49
Risk Management,Risk and Compliance Operations,Market Risk Management,Monitor Interest Rate,Monitor,Compliance Data,Monitor Interest Rate,5655,2.07,61.82
Risk Management,Risk and Compliance Operations,Market Risk Management,Monitor Interest Rate,Monitor,Compliance Data,Monitor Interest Rate,5417,3.18,86.05
Risk Management,Risk and Compliance Operations,Market Risk Management,Monitor Interest Rate,Monitor,Compliance Data,Monitor Interest Rate,8978,1.72,62.12
Risk Management,Risk and Compliance Operations,Market Risk Management,Monitor Interest Rate,Monitor,Compliance Data,Monitor Interest Rate,5096,1.07,90.02
Risk Management,Risk and Compliance Operations,Market Risk Management,Monitor Interest Rate,Monitor,Compliance Data,Monitor Interest Rate,1477,8.66,62.09
Risk Management,Risk and Compliance Operations,Market Risk Management,Monitor Interest Rate,Monitor,Compliance Data,Monitor Interest Rate,4567,3.86,54.38
Risk Management,Risk and Compliance Operations,Market Risk Management,Monitor Interest Rate,Monitor,Compliance Data,Monitor Interest Rate,3300,12.31,68.44
Risk Management,Risk and Compliance Operations,Market Risk Management,Monitor Interest Rate,Monitor,Compliance Data,Monitor Interest Rate,2322,11.13,72.66
Risk Management,Risk and Compliance Operations,Market Risk Management,Monitor Interest Rate,Monitor,Compliance Data,Monitor Interest Rate,9868,13.28,97.95
Risk Management,Risk and Compliance Operations,Market Risk Management,Monitor Interest Rate,Monitor,Compliance Data,Monitor Interest Rate,8979,4.01,79.08
Risk Management,Risk and Compliance Operations,Market Risk Management,Monitor Interest Rate,Monitor,Compliance Data,Monitor Interest Rate,1825,5.35,59.44
Risk Management,Risk and Compliance Operations,Market Risk Management,Monitor Interest Rate,Monitor,Compliance Data,Monitor Interest Rate,9389,1.61,80.95
Risk Management,Risk and Compliance Operations,Market Risk Management,Monitor Interest Rate,Monitor,Compliance Data,Monitor Interest Rate,6266,3.66,93.57
Risk Management,Risk and Compliance Operations,Market Risk Management,Monitor Interest Rate,Monitor,Compliance Data,Monitor Interest Rate,8702,14.0,64.92
Risk Management,Risk and Compliance Operations,Market Risk Management,Monitor Interest Rate,Monitor,Compliance Data,Monitor Interest Rate,4977,12.37,82.46
Risk Management,Risk and Compliance Operations,Market Risk Management,Monitor Interest Rate,Monitor,Compliance Data,Monitor Interest Rate,7654,2.18,66.37
Risk Management,Risk and Compliance Operations,Market Risk Management,Monitor Interest Rate,Monitor,Compliance Data,Monitor Interest Rate,3109,10.88,86.88
Risk Management,Risk and Compliance Operations,Market Risk Management,Monitor Interest Rate,Monitor,Compliance Data,Monitor Interest Rate,5319,3.19,54.69
Risk Management,Risk and Compliance Operations,Market Risk Management,Monitor Interest Rate,Monitor,Compliance Data,Monitor Interest Rate,8901,12.99,85.02
Risk Management,Risk and Compliance Operations,Market Risk Management,Monitor Interest Rate,Monitor,Compliance Data,Monitor Interest Rate,4353,11.45,66.29
Risk Management,Risk and Compliance Operations,Market Risk Management,Monitor Interest Rate,Monitor,Compliance Data,Monitor Interest Rate,1251,1.74,91.48
Risk Management,Risk and Compliance Operations,Market Risk Management,Monitor Interest Rate,Monitor,Compliance Data,Monitor Interest Rate,6990,9.21,74.06
Risk Management,Risk and Compliance Operations,Market Risk Management,Monitor Interest Rate,Monitor,Compliance Data,Monitor Interest Rate,4562,5.37,98.77
Risk Management,Risk and Compliance Operations,Market Risk Management,Monitor Interest Rate,Monitor,Compliance Data,Monitor Interest Rate,7258,6.77,91.05
Risk Management,Risk and Compliance Operations,Market Risk Management,Monitor Interest Rate,Monitor,Compliance Data,Monitor Interest Rate,4400,12.65,87.72
Risk Management,Risk and Compliance Operations,Market Risk Management,Monitor Interest Rate,Monitor,Compliance Data,Monitor Interest Rate,4599,6.35,93.64
Risk Management,Risk and Compliance Operations,Market Risk Management,Monitor Interest Rate,Monitor,Compliance Data,Monitor Interest Rate,4366,13.75,73.89
Risk Management,Risk and Compliance Operations,Market Risk Management,Monitor Interest Rate,Monitor,Compliance Data,Monitor Interest Rate,8520,0.6,90.2
Risk Management,Risk and Compliance Operations,Market Risk Management,Monitor Interest Rate,Monitor,Compliance Data,Monitor Interest Rate,2997,6.45,83.12
Risk Management,Risk and Compliance Operations,Market Risk Management,Monitor Interest Rate,Monitor,Compliance Data,Monitor Interest Rate,6166,9.1,58.78
Risk Management,Risk and Compliance Operations,Market Risk Management,Monitor Interest Rate,Monitor,Compliance Data,Monitor Interest Rate,5958,2.81,94.58
Risk Management,Risk and Compliance Operations,Market Risk Management,Monitor Interest Rate,Monitor,Compliance Data,Monitor Interest Rate,5732,6.02,70.15
Risk Management,Risk and Compliance Operations,Market Risk Management,Monitor Interest Rate,Monitor,Compliance Data,Monitor Interest Rate,4291,10.1,77.73
Risk Management,Risk and Compliance Operations,Market Risk Management,Monitor Interest Rate,Monitor,Compliance Data,Monitor Interest Rate,8301,13.33,93.06
Risk Management,Risk and Compliance Operations,Market Risk Management,Monitor Interest Rate,Monitor,Compliance Data,Monitor Interest Rate,7558,2.96,68.91
Risk Management,Risk and Compliance Operations,Market Risk Management,Monitor Interest Rate,Monitor,Compliance Data,Monitor Interest Rate,1605,13.36,67.79
Risk Management,Risk and Compliance Operations,Market Risk Management,Monitor Interest Rate,Monitor,Compliance Data,Monitor Interest Rate,3988,13.42,64.01
Risk Management,Risk and Compliance Operations,Market Risk Management,Monitor Interest Rate,Monitor,Compliance Data,Monitor Interest Rate,5204,9.47,58.93
Risk Management,Risk and Compliance Operations,Market Risk Management,Monitor Interest Rate,Monitor,Compliance Data,Monitor Interest Rate,2613,0.76,80.75
Risk Management,Risk and Compliance Operations,Market Risk Management,Monitor Interest Rate,Monitor,Compliance Data,Monitor Interest Rate,7761,5.24,78.8
Risk Management,Risk and Compliance Operations,Market Risk Management,Monitor Interest Rate,Monitor,Compliance Data,Monitor Interest Rate,5147,12.35,97.69
Risk Management,Risk and Compliance Operations,Market Risk Management,Monitor Interest Rate,Monitor,Compliance Data,Monitor Interest Rate,4129,3.21,94.19
Risk Management,Risk and Compliance Operations,Market Risk Management,Monitor Interest Rate,Monitor,Compliance Data,Monitor Interest Rate,5138,1.3,92.4
Risk Management,Risk and Compliance Operations,Market Risk Management,Monitor Interest Rate,Monitor,Compliance Data,Monitor Interest Rate,4477,7.18,83.34
Risk Management,Risk and Compliance Operations,Market Risk Management,Monitor Interest Rate,Monitor,Compliance Data,Monitor Interest Rate,7509,6.79,74.39
Risk Management,Risk and Compliance Operations,Market Risk Management,Monitor Interest Rate,Monitor,Compliance Data,Monitor Interest Rate,6675,13.42,75.4
Risk Management,Risk and Compliance Operations,Market Risk Management,Monitor Interest Rate,Monitor,Compliance Data,Monitor Interest Rate,5240,13.16,58.87
Risk Management,Risk and Compliance Operations,Market Risk Management,Monitor Interest Rate,Monitor,Compliance Data,Monitor Interest Rate,8926,5.22,89.48
Risk Management,Risk and Compliance Operations,Market Risk Management,Monitor Interest Rate,Monitor,Compliance Data,Monitor Interest Rate,8400,1.79,93.86
Risk Management,Risk and Compliance Operations,Market Risk Management,Monitor Interest Rate,Monitor,Compliance Data,Monitor Interest Rate,9919,7.11,90.8
Risk Management,Risk and Compliance Operations,Market Risk Management,Monitor Interest Rate,Monitor,Compliance Data,Monitor Interest Rate,5213,6.82,75.3
Risk Management,Risk and Compliance Operations,Market Risk Management,Monitor Interest Rate,Monitor,Compliance Data,Monitor Interest Rate,2773,5.76,92.93
Risk Management,Risk and Compliance Operations,Market Risk Management,Monitor Interest Rate,Monitor,Compliance Data,Monitor Interest Rate,5965,4.54,85.07
Risk Management,Risk and Compliance Operations,Market Risk Management,Monitor Interest Rate,Monitor,Compliance Data,Monitor Interest Rate,1011,6.52,66.51
Risk Management,Risk and Compliance Operations,Market Risk Management,Monitor Interest Rate,Monitor,Compliance Data,Monitor Interest Rate,7424,8.58,85.42
Risk Management,Risk and Compliance Operations,Market Risk Management,Monitor Interest Rate,Monitor,Compliance Data,Monitor Interest Rate,1835,7.71,53.08
Risk Management,Risk and Compliance Operations,Market Risk Management,Monitor Interest Rate,Monitor,Compliance Data,Monitor Interest Rate,6587,12.33,60.41
Risk Management,Risk and Compliance Operations,Market Risk Management,Monitor Interest Rate,Monitor,Compliance Data,Monitor Interest Rate,4575,7.29,67.79
Risk Management,Risk and Compliance Operations,Market Risk Management,Monitor Interest Rate,Monitor,Compliance Data,Monitor Interest Rate,9159,8.68,77.48
Risk Management,Risk and Compliance Operations,Market Risk Management,Monitor Interest Rate,Monitor,Compliance Data,Monitor Interest Rate,5124,13.24,77.11
Risk Management,Risk and Compliance Operations,Market Risk Management,Monitor Interest Rate,Monitor,Compliance Data,Monitor Interest Rate,7227,8.37,53.93
Risk Management,Risk and Compliance Operations,Market Risk Management,Monitor Interest Rate,Monitor,Compliance Data,Monitor Interest Rate,8643,11.33,84.65
Risk Management,Risk and Compliance Operations,Market Risk Management,Monitor Interest Rate,Monitor,Compliance Data,Monitor Interest Rate,3861,2.21,88.25
Risk Management,Risk and Compliance Operations,Market Risk Management,Monitor Interest Rate,Monitor,Compliance Data,Monitor Interest Rate,6114,11.23,92.87
Risk Management,Risk and Compliance Operations,Market Risk Management,Monitor Interest Rate,Monitor,Compliance Data,Monitor Interest Rate,6779,13.73,51.01
Risk Management,Risk and Compliance Operations,Market Risk Management,Monitor Interest Rate,Monitor,Compliance Data,Monitor Interest Rate,1045,12.08,64.06
Risk Management,Risk and Compliance Operations,Market Risk Management,Monitor Interest Rate,Monitor,Compliance Data,Monitor Interest Rate,9947,9.77,61.6
Risk Management,Risk and Compliance Operations,Market Risk Management,Monitor Interest Rate,Monitor,Compliance Data,Monitor Interest Rate,4161,9.89,75.68
Risk Management,Risk and Compliance Operations,Market Risk Management,Monitor Interest Rate,Monitor,Compliance Data,Monitor Interest Rate,7896,8.36,85.65
Risk Management,Risk and Compliance Operations,Market Risk Management,Monitor Interest Rate,Monitor,Compliance Data,Monitor Interest Rate,5681,10.11,76.51
Risk Management,Risk and Compliance Operations,Market Risk Management,Monitor Interest Rate,Monitor,Compliance Data,Monitor Interest Rate,7770,8.51,57.15
Risk Management,Risk and Compliance Operations,Market Risk Management,Monitor Interest Rate,Monitor,Compliance Data,Monitor Interest Rate,7676,2.59,70.82
Risk Management,Risk and Compliance Operations,Market Risk Management,Monitor Interest Rate,Monitor,Compliance Data,Monitor Interest Rate,2180,10.97,74.22
Risk Management,Risk and Compliance Operations,Market Risk Management,Monitor Interest Rate,Monitor,Compliance Data,Monitor Interest Rate,2192,10.38,74.62
Risk Management,Risk and Compliance Operations,Market Risk Management,Monitor Interest Rate,Monitor,Compliance Data,Monitor Interest Rate,5239,2.83,69.52
Risk Management,Risk and Compliance Operations,Market Risk Management,Monitor Interest Rate,Monitor,Compliance Data,Monitor Interest Rate,2260,13.17,69.02
Risk Management,Risk and Compliance Operations,Market Risk Management,Monitor Interest Rate,Monitor,Compliance Data,Monitor Interest Rate,4326,13.82,59.25
Risk Management,Risk and Compliance Operations,Market Risk Management,Monitor Interest Rate,Monitor,Compliance Data,Monitor Interest Rate,3594,7.31,91.08
Risk Management,Risk and Compliance Operations,Market Risk Management,Monitor Interest Rate,Monitor,Compliance Data,Monitor Interest Rate,8431,12.93,99.23
Risk Management,Risk and Compliance Operations,Market Risk Management,Monitor Interest Rate,Monitor,Compliance Data,Monitor Interest Rate,1290,2.1,85.17
Risk Management,Risk and Compliance Operations,Market Risk Management,Monitor Interest Rate,Monitor,Compliance Data,Monitor Interest Rate,4909,3.43,70.76
Risk Management,Risk and Compliance Operations,Market Risk Management,Monitor Interest Rate,Monitor,Compliance Data,Monitor Interest Rate,8828,13.33,68.95
Risk Management,Risk and Compliance Operations,Market Risk Management,Monitor Interest Rate,Monitor,Compliance Data,Monitor Interest Rate,9062,4.83,50.28
Risk Management,Risk and Compliance Operations,Market Risk Management,Monitor Interest Rate,Monitor,Compliance Data,Monitor Interest Rate,2429,5.03,65.73
Risk Management,Risk and Compliance Operations,Market Risk Management,Monitor Interest Rate,Monitor,Compliance Data,Monitor Interest Rate,8726,4.49,57.62
Risk Management,Risk and Compliance Operations,Market Risk Management,Monitor Interest Rate,Monitor,Compliance Data,Monitor Interest Rate,1450,13.93,52.22
Risk Management,Risk and Compliance Operations,Market Risk Management,Monitor Interest Rate,Monitor,Compliance Data,Monitor Interest Rate,5622,13.08,50.42
Risk Management,Risk and Compliance Operations,Market Risk Management,Monitor Interest Rate,Monitor,Compliance Data,Monitor Interest Rate,2162,4.85,77.14
Risk Management,Risk and Compliance Operations,Market Risk Management,Monitor Interest Rate,Monitor,Compliance Data,Monitor Interest Rate,3863,3.34,90.08
Risk Management,Risk and Compliance Operations,Market Risk Management,Monitor Interest Rate,Monitor,Compliance Data,Monitor Interest Rate,3728,4.31,91.69
Risk Management,Risk and Compliance Operations,Market Risk Management,Monitor Interest Rate,Monitor,Compliance Data,Monitor Interest Rate,3199,2.09,52.77
Risk Management,Risk and Compliance Operations,Market Risk Management,Monitor Interest Rate,Monitor,Compliance Data,Monitor Interest Rate,4649,8.35,65.32
Risk Management,Risk and Compliance Operations,Market Risk Management,Monitor Interest Rate,Monitor,Compliance Data,Monitor Interest Rate,4914,13.32,76.69
Risk Management,Risk and Compliance Operations,Market Risk Management,Monitor Interest Rate,Monitor,Compliance Data,Monitor Interest Rate,1562,3.67,84.74
Risk Management,Risk and Compliance Operations,Market Risk Management,Monitor Interest Rate,Monitor,Compliance Data,Monitor Interest Rate,6150,9.32,90.45
Risk Management,Risk and Compliance Operations,Market Risk Management,Monitor Interest Rate,Monitor,Compliance Data,Monitor Interest Rate,7530,10.55,91.14
Risk Management,Risk and Compliance Operations,Market Risk Management,Monitor Interest Rate,Monitor,Compliance Data,Monitor Interest Rate,2995,7.85,57.75
Risk Management,Risk and Compliance Operations,Market Risk Management,Monitor Interest Rate,Monitor,Compliance Data,Monitor Interest Rate,1392,6.68,67.52
Risk Management,Risk and Compliance Operations,Market Risk Management,Monitor Interest Rate,Monitor,Compliance Data,Monitor Interest Rate,2665,2.86,99.14
Risk Management,Risk and Compliance Operations,Market Risk Management,Monitor Interest Rate,Monitor,Compliance Data,Monitor Interest Rate,8658,11.69,68.22
Risk Management,Risk and Compliance Operations,Market Risk Management,Monitor Interest Rate,Monitor,Compliance Data,Monitor Interest Rate,7871,7.13,50.64
Risk Management,Risk and Compliance Operations,Market Risk Management,Monitor Interest Rate,Monitor,Compliance Data,Monitor Interest Rate,9411,5.62,99.24
Risk Management,Risk and Compliance Operations,Market Risk Management,Monitor Interest Rate,Monitor,Compliance Data,Monitor Interest Rate,4522,6.38,73.71
Risk Management,Risk and Compliance Operations,Market Risk Management,Monitor Interest Rate,Monitor,Compliance Data,Monitor Interest Rate,6686,5.74,63.96
Risk Management,Risk and Compliance Operations,Market Risk Management,Monitor Interest Rate,Monitor,Compliance Data,Monitor Interest Rate,1418,11.8,78.64
Risk Management,Risk and Compliance Operations,Market Risk Management,Monitor Interest Rate,Monitor,Compliance Data,Monitor Interest Rate,6775,10.1,77.57
Risk Management,Risk and Compliance Operations,Market Risk Management,Monitor Interest Rate,Monitor,Compliance Data,Monitor Interest Rate,3786,10.74,93.32
Risk Management,Risk and Compliance Operations,Market Risk Management,Monitor Interest Rate,Monitor,Compliance Data,Monitor Interest Rate,9183,5.74,53.17
Risk Management,Risk and Compliance Operations,Market Risk Management,Monitor Interest Rate,Monitor,Compliance Data,Monitor Interest Rate,3646,5.3,78.55
Risk Management,Risk and Compliance Operations,Market Risk Management,Monitor Interest Rate,Monitor,Compliance Data,Monitor Interest Rate,3702,14.94,93.28
Risk Management,Risk and Compliance Operations,Market Risk Management,Monitor Interest Rate,Monitor,Compliance Data,Monitor Interest Rate,4896,10.49,89.93
Risk Management,Risk and Compliance Operations,Market Risk Management,Monitor Interest Rate,Monitor,Compliance Data,Monitor Interest Rate,4677,14.04,98.88
Risk Management,Risk and Compliance Operations,Market Risk Management,Monitor Interest Rate,Monitor,Compliance Data,Monitor Interest Rate,9078,11.23,80.2
Risk Management,Risk and Compliance Operations,Market Risk Management,Monitor Interest Rate,Monitor,Compliance Data,Monitor Interest Rate,5086,4.03,85.2
Risk Management,Risk and Compliance Operations,Market Risk Management,Monitor Interest Rate,Monitor,Compliance Data,Monitor Interest Rate,5536,0.9,88.47
Risk Management,Risk and Compliance Operations,Market Risk Management,Monitor Interest Rate,Monitor,Compliance Data,Monitor Interest Rate,9951,7.97,58.9
Risk Management,Risk and Compliance Operations,Market Risk Management,Monitor Interest Rate,Monitor,Compliance Data,Monitor Interest Rate,7625,14.22,95.79
Risk Management,Risk and Compliance Operations,Market Risk Management,Monitor Interest Rate,Monitor,Compliance Data,Monitor Interest Rate,2242,7.16,96.05
Risk Management,Risk and Compliance Operations,Market Risk Management,Monitor Interest Rate,Monitor,Compliance Data,Monitor Interest Rate,3458,10.44,66.03
Risk Management,Risk and Compliance Operations,Market Risk Management,Monitor Interest Rate,Monitor,Compliance Data,Monitor Interest Rate,9104,9.13,63.44
Risk Management,Risk and Compliance Operations,Market Risk Management,Monitor Interest Rate,Monitor,Compliance Data,Monitor Interest Rate,6451,6.33,51.3
Risk Management,Risk and Compliance Operations,Market Risk Management,Monitor Interest Rate,Monitor,Compliance Data,Monitor Interest Rate,9261,0.86,84.0
Risk Management,Risk and Compliance Operations,Market Risk Management,Monitor Interest Rate,Monitor,Compliance Data,Monitor Interest Rate,5045,8.52,62.23
Risk Management,Risk and Compliance Operations,Market Risk Management,Monitor Interest Rate,Monitor,Compliance Data,Monitor Interest Rate,3916,13.32,69.78
Risk Management,Risk and Compliance Operations,Market Risk Management,Monitor Interest Rate,Monitor,Compliance Data,Monitor Interest Rate,2888,9.08,71.64
Risk Management,Risk and Compliance Operations,Market Risk Management,Monitor Interest Rate,Monitor,Compliance Data,Monitor Interest Rate,3361,14.56,53.81
Risk Management,Risk and Compliance Operations,Market Risk Management,Monitor Interest Rate,Monitor,Compliance Data,Monitor Interest Rate,7420,8.29,83.9
Risk Management,Risk and Compliance Operations,Market Risk Management,Monitor Interest Rate,Monitor,Compliance Data,Monitor Interest Rate,9561,14.97,80.59
Risk Management,Risk and Compliance Operations,Market Risk Management,Monitor Interest Rate,Monitor,Compliance Data,Monitor Interest Rate,8448,4.69,71.71
Risk Management,Risk and Compliance Operations,Market Risk Management,Monitor Interest Rate,Monitor,Compliance Data,Monitor Interest Rate,4454,14.34,68.71
Risk Management,Risk and Compliance Operations,Market Risk Management,Monitor Interest Rate,Monitor,Compliance Data,Monitor Interest Rate,8997,6.6,92.74
Risk Management,Risk and Compliance Operations,Market Risk Management,Monitor Interest Rate,Monitor,Compliance Data,Monitor Interest Rate,4013,5.92,50.6
Risk Management,Risk and Compliance Operations,Market Risk Management,Monitor Interest Rate,Monitor,Compliance Data,Monitor Interest Rate,7705,13.9,65.38
Risk Management,Risk and Compliance Operations,Market Risk Management,Monitor Interest Rate,Monitor,Compliance Data,Monitor Interest Rate,4919,12.36,95.58
Risk Management,Risk and Compliance Operations,Market Risk Management,Monitor Interest Rate,Monitor,Compliance Data,Monitor Interest Rate,4875,6.81,98.64
Risk Management,Risk and Compliance Operations,Market Risk Management,Monitor Interest Rate,Monitor,Compliance Data,Monitor Interest Rate,3036,5.94,53.51
Risk Management,Risk and Compliance Operations,Market Risk Management,Monitor Interest Rate,Monitor,Compliance Data,Monitor Interest Rate,5343,1.56,58.95
Risk Management,Risk and Compliance Operations,Market Risk Management,Monitor Interest Rate,Monitor,Compliance Data,Monitor Interest Rate,9359,6.6,83.86
Risk Management,Risk and Compliance Operations,Market Risk Management,Monitor Interest Rate,Monitor,Compliance Data,Monitor Interest Rate,9325,4.78,89.66
Risk Management,Risk and Compliance Operations,Market Risk Management,Monitor Interest Rate,Monitor,Compliance Data,Monitor Interest Rate,6298,6.24,95.73
Risk Management,Risk and Compliance Operations,Market Risk Management,Monitor Interest Rate,Monitor,Compliance Data,Monitor Interest Rate,7694,1.91,99.17
Risk Management,Risk and Compliance Operations,Market Risk Management,Monitor Interest Rate,Monitor,Compliance Data,Monitor Interest Rate,2456,12.05,99.05
Risk Management,Risk and Compliance Operations,Market Risk Management,Monitor Interest Rate,Monitor,Compliance Data,Monitor Interest Rate,2296,13.41,69.42
Risk Management,Risk and Compliance Operations,Market Risk Management,Monitor Interest Rate,Monitor,Compliance Data,Monitor Interest Rate,8083,0.57,73.34
Risk Management,Risk and Compliance Operations,Market Risk Management,Monitor Interest Rate,Monitor,Compliance Data,Monitor Interest Rate,7992,14.53,93.74
Risk Management,Risk and Compliance Operations,Market Risk Management,Monitor Interest Rate,Monitor,Compliance Data,Monitor Interest Rate,4115,5.9,96.27
Risk Management,Risk and Compliance Operations,Market Risk Management,Monitor Interest Rate,Monitor,Compliance Data,Monitor Interest Rate,3718,12.7,99.73
Risk Management,Risk and Compliance Operations,Market Risk Management,Monitor Interest Rate,Monitor,Compliance Data,Monitor Interest Rate,2906,9.79,68.71
Risk Management,Risk and Compliance Operations,Market Risk Management,Monitor Interest Rate,Monitor,Compliance Data,Monitor Interest Rate,8234,8.12,91.25
Risk Management,Risk and Compliance Operations,Market Risk Management,Monitor Interest Rate,Monitor,Compliance Data,Monitor Interest Rate,6301,2.15,86.83
Risk Management,Risk and Compliance Operations,Market Risk Management,Monitor Interest Rate,Monitor,Compliance Data,Monitor Interest Rate,2333,3.02,97.95
Risk Management,Risk and Compliance Operations,Market Risk Management,Monitor Interest Rate,Monitor,Compliance Data,Monitor Interest Rate,5914,7.21,73.46
Risk Management,Risk and Compliance Operations,Market Risk Management,Monitor Interest Rate,Monitor,Compliance Data,Monitor Interest Rate,2929,4.9,62.25
Risk Management,Risk and Compliance Operations,Market Risk Management,Monitor Interest Rate,Monitor,Compliance Data,Monitor Interest Rate,1153,11.42,69.81
Risk Management,Risk and Compliance Operations,Market Risk Management,Monitor Interest Rate,Monitor,Compliance Data,Monitor Interest Rate,4209,1.78,74.66
Risk Management,Risk and Compliance Operations,Market Risk Management,Monitor Interest Rate,Monitor,Compliance Data,Monitor Interest Rate,9432,12.21,53.29
Risk Management,Risk and Compliance Operations,Market Risk Management,Monitor Interest Rate,Monitor,Compliance Data,Monitor Interest Rate,1489,3.87,50.58
Risk Management,Risk and Compliance Operations,Market Risk Management,Monitor Interest Rate,Monitor,Compliance Data,Monitor Interest Rate,8627,5.47,50.36
Risk Management,Risk and Compliance Operations,Market Risk Management,Monitor Interest Rate,Monitor,Compliance Data,Monitor Interest Rate,4195,0.84,75.11
Risk Management,Risk and Compliance Operations,Market Risk Management,Monitor Interest Rate,Monitor,Compliance Data,Monitor Interest Rate,1313,1.64,76.79
Risk Management,Risk and Compliance Operations,Market Risk Management,Monitor Interest Rate,Monitor,Compliance Data,Monitor Interest Rate,5036,6.26,97.9
Risk Management,Risk and Compliance Operations,Market Risk Management,Monitor Interest Rate,Monitor,Compliance Data,Monitor Interest Rate,5891,11.23,65.2
Risk Management,Risk and Compliance Operations,Market Risk Management,Monitor Interest Rate,Monitor,Compliance Data,Monitor Interest Rate,1032,1.17,79.53
Risk Management,Risk and Compliance Operations,Market Risk Management,Monitor Interest Rate,Monitor,Compliance Data,Monitor Interest Rate,9721,14.54,91.1
Risk Management,Risk and Compliance Operations,Market Risk Management,Monitor Interest Rate,Monitor,Compliance Data,Monitor Interest Rate,3709,4.01,74.34
Risk Management,Risk and Compliance Operations,Market Risk Management,Monitor Interest Rate,Monitor,Compliance Data,Monitor Interest Rate,1540,6.36,55.53
Risk Management,Risk and Compliance Operations,Market Risk Management,Monitor Interest Rate,Monitor,Compliance Data,Monitor Interest Rate,9360,12.14,94.58
Risk Management,Risk and Compliance Operations,Market Risk Management,Monitor Interest Rate,Monitor,Compliance Data,Monitor Interest Rate,2630,9.17,82.31
Risk Management,Risk and Compliance Operations,Market Risk Management,Monitor Interest Rate,Monitor,Compliance Data,Monitor Interest Rate,6176,8.88,83.55
Risk Management,Risk and Compliance Operations,Market Risk Management,Monitor Interest Rate,Monitor,Compliance Data,Monitor Interest Rate,2399,2.08,98.77
Risk Management,Risk and Compliance Operations,Market Risk Management,Monitor Interest Rate,Monitor,Compliance Data,Monitor Interest Rate,2311,2.54,56.08
Risk Management,Risk and Compliance Operations,Market Risk Management,Monitor Interest Rate,Monitor,Compliance Data,Monitor Interest Rate,8698,8.88,92.1
Risk Management,Risk and Compliance Operations,Market Risk Management,Monitor Interest Rate,Monitor,Compliance Data,Monitor Interest Rate,9608,4.63,73.34
Risk Management,Risk and Compliance Operations,Market Risk Management,Monitor Interest Rate,Monitor,Compliance Data,Monitor Interest Rate,1559,12.04,63.52
Risk Management,Risk and Compliance Operations,Market Risk Management,Monitor Interest Rate,Monitor,Compliance Data,Monitor Interest Rate,8717,6.52,92.97
Risk Management,Risk and Compliance Operations,Market Risk Management,Monitor Interest Rate,Monitor,Compliance Data,Monitor Interest Rate,4927,11.67,54.68
Risk Management,Risk and Compliance Operations,Market Risk Management,Monitor Interest Rate,Monitor,Compliance Data,Monitor Interest Rate,7380,5.23,78.77
Risk Management,Risk and Compliance Operations,Market Risk Management,Monitor Interest Rate,Monitor,Compliance Data,Monitor Interest Rate,5841,3.85,53.25
Risk Management,Risk and Compliance Operations,Market Risk Management,Monitor Interest Rate,Monitor,Compliance Data,Monitor Interest Rate,9748,5.48,80.76
Risk Management,Risk and Compliance Operations,Market Risk Management,Monitor Interest Rate,Monitor,Compliance Data,Monitor Interest Rate,1047,8.86,50.7
Risk Management,Risk and Compliance Operations,Market Risk Management,Monitor Interest Rate,Monitor,Compliance Data,Monitor Interest Rate,6303,1.88,53.36
Risk Management,Risk and Compliance Operations,Market Risk Management,Monitor Interest Rate,Monitor,Compliance Data,Monitor Interest Rate,4142,8.92,91.14
Risk Management,Risk and Compliance Operations,Market Risk Management,Monitor Interest Rate,Monitor,Compliance Data,Monitor Interest Rate,2332,14.38,50.36
Risk Management,Risk and Compliance Operations,Market Risk Management,Monitor Interest Rate,Monitor,Compliance Data,Monitor Interest Rate,7407,8.3,66.63
Risk Management,Risk and Compliance Operations,Market Risk Management,Monitor Interest Rate,Monitor,Compliance Data,Monitor Interest Rate,7844,3.0,68.15
Risk Management,Risk and Compliance Operations,Market Risk Management,Monitor Interest Rate,Monitor,Compliance Data,Monitor Interest Rate,1504,3.7,50.59
Risk Management,Risk and Compliance Operations,Market Risk Management,Monitor Interest Rate,Monitor,Compliance Data,Monitor Interest Rate,3467,8.23,71.59
Risk Management,Risk and Compliance Operations,Market Risk Management,Monitor Interest Rate,Monitor,Compliance Data,Monitor Interest Rate,2446,10.51,77.89
Risk Management,Risk and Compliance Operations,Market Risk Management,Monitor Interest Rate,Monitor,Compliance Data,Monitor Interest Rate,8669,8.07,67.26
Risk Management,Risk and Compliance Operations,Market Risk Management,Monitor Interest Rate,Monitor,Compliance Data,Monitor Interest Rate,1895,1.91,60.37
Risk Management,Risk and Compliance Operations,Market Risk Management,Monitor Interest Rate,Monitor,Compliance Data,Monitor Interest Rate,4825,14.38,89.08
Risk Management,Risk and Compliance Operations,Market Risk Management,Monitor Interest Rate,Monitor,Compliance Data,Monitor Interest Rate,9591,6.16,96.98
Risk Management,Risk and Compliance Operations,Market Risk Management,Monitor Interest Rate,Monitor,Compliance Data,Monitor Interest Rate,7609,5.63,90.15
Risk Management,Risk and Compliance Operations,Market Risk Management,Monitor Interest Rate,Monitor,Compliance Data,Monitor Interest Rate,9906,13.54,87.59
Risk Management,Risk and Compliance Operations,Market Risk Management,Monitor Interest Rate,Monitor,Compliance Data,Monitor Interest Rate,7130,8.8,98.04
Risk Management,Risk and Compliance Operations,Market Risk Management,Monitor Interest Rate,Monitor,Compliance Data,Monitor Interest Rate,6978,4.94,58.81
Risk Management,Risk and Compliance Operations,Market Risk Management,Monitor Interest Rate,Monitor,Compliance Data,Monitor Interest Rate,9646,11.34,63.89
Risk Management,Risk and Compliance Operations,Market Risk Management,Monitor Interest Rate,Monitor,Compliance Data,Monitor Interest Rate,3500,2.72,98.96
Risk Management,Risk and Compliance Operations,Market Risk Management,Monitor Interest Rate,Monitor,Compliance Data,Monitor Interest Rate,4038,6.74,87.5
Risk Management,Risk and Compliance Operations,Market Risk Management,Monitor Interest Rate,Monitor,Compliance Data,Monitor Interest Rate,7540,12.68,64.41
Risk Management,Risk and Compliance Operations,Market Risk Management,Monitor Interest Rate,Monitor,Compliance Data,Monitor Interest Rate,6545,9.39,88.7
Risk Management,Risk and Compliance Operations,Market Risk Management,Monitor Interest Rate,Monitor,Compliance Data,Monitor Interest Rate,3434,5.07,72.06
Risk Management,Risk and Compliance Operations,Market Risk Management,Monitor Interest Rate,Monitor,Compliance Data,Monitor Interest Rate,7294,12.03,85.36
Risk Management,Risk and Compliance Operations,Market Risk Management,Monitor Interest Rate,Monitor,Compliance Data,Monitor Interest Rate,5861,1.17,85.47
Risk Management,Risk and Compliance Operations,Market Risk Management,Monitor Interest Rate,Monitor,Compliance Data,Monitor Interest Rate,4235,3.16,75.97
Risk Management,Risk and Compliance Operations,Market Risk Management,Monitor Interest Rate,Monitor,Compliance Data,Monitor Interest Rate,9912,4.97,80.01
Risk Management,Risk and Compliance Operations,Market Risk Management,Monitor Interest Rate,Monitor,Compliance Data,Monitor Interest Rate,2872,12.34,67.12
Risk Management,Risk and Compliance Operations,Market Risk Management,Monitor Interest Rate,Monitor,Compliance Data,Monitor Interest Rate,1488,11.23,59.54
Risk Management,Risk and Compliance Operations,Market Risk Management,Monitor Interest Rate,Monitor,Compliance Data,Monitor Interest Rate,8131,11.92,80.63
Risk Management,Risk and Compliance Operations,Market Risk Management,Monitor Interest Rate,Monitor,Compliance Data,Monitor Interest Rate,5922,10.36,74.22
Risk Management,Risk and Compliance Operations,Market Risk Management,Monitor Interest Rate,Monitor,Compliance Data,Monitor Interest Rate,7911,7.85,98.82
Risk Management,Risk and Compliance Operations,Market Risk Management,Monitor Interest Rate,Monitor,Compliance Data,Monitor Interest Rate,3449,5.49,54.5
Risk Management,Risk and Compliance Operations,Market Risk Management,Monitor Interest Rate,Monitor,Compliance Data,Monitor Interest Rate,6683,8.79,82.2
Risk Management,Risk and Compliance Operations,Market Risk Management,Monitor Interest Rate,Monitor,Compliance Data,Monitor Interest Rate,8869,3.96,69.51
Risk Management,Risk and Compliance Operations,Market Risk Management,Monitor Interest Rate,Monitor,Compliance Data,Monitor Interest Rate,9492,1.63,66.01
Risk Management,Risk and Compliance Operations,Market Risk Management,Monitor Interest Rate,Monitor,Compliance Data,Monitor Interest Rate,3297,7.25,71.6
Risk Management,Risk and Compliance Operations,Market Risk Management,Monitor Interest Rate,Monitor,Compliance Data,Monitor Interest Rate,6639,0.51,81.61
Risk Management,Risk and Compliance Operations,Market Risk Management,Monitor Interest Rate,Monitor,Compliance Data,Monitor Interest Rate,7338,12.62,76.12
Risk Management,Risk and Compliance Operations,Market Risk Management,Monitor Interest Rate,Monitor,Compliance Data,Monitor Interest Rate,5451,11.03,80.44
Risk Management,Risk and Compliance Operations,Market Risk Management,Monitor Interest Rate,Monitor,Compliance Data,Monitor Interest Rate,7194,5.31,55.08
Risk Management,Risk and Compliance Operations,Market Risk Management,Monitor Interest Rate,Monitor,Compliance Data,Monitor Interest Rate,9352,1.62,89.43
Risk Management,Risk and Compliance Operations,Market Risk Management,Monitor Interest Rate,Monitor,Compliance Data,Monitor Interest Rate,2229,14.96,93.46
Risk Management,Risk and Compliance Operations,Market Risk Management,Monitor Interest Rate,Monitor,Compliance Data,Monitor Interest Rate,2156,6.85,78.33
Risk Management,Risk and Compliance Operations,Market Risk Management,Monitor Interest Rate,Monitor,Compliance Data,Monitor Interest Rate,8549,9.09,70.41
Risk Management,Risk and Compliance Operations,Market Risk Management,Monitor Interest Rate,Monitor,Compliance Data,Monitor Interest Rate,1891,9.16,70.29
Risk Management,Risk and Compliance Operations,Market Risk Management,Monitor Interest Rate,Monitor,Compliance Data,Monitor Interest Rate,6896,4.81,92.2
Risk Management,Risk and Compliance Operations,Market Risk Management,Monitor Interest Rate,Monitor,Compliance Data,Monitor Interest Rate,3897,9.32,82.88
Risk Management,Risk and Compliance Operations,Market Risk Management,Monitor Interest Rate,Monitor,Compliance Data,Monitor Interest Rate,3428,10.87,57.81
Risk Management,Risk and Compliance Operations,Market Risk Management,Monitor Interest Rate,Monitor,Compliance Data,Monitor Interest Rate,9822,4.72,72.13
Risk Management,Risk and Compliance Operations,Market Risk Management,Monitor Interest Rate,Monitor,Compliance Data,Monitor Interest Rate,9726,5.61,83.08
Risk Management,Risk and Compliance Operations,Market Risk Management,Monitor Interest Rate,Monitor,Compliance Data,Monitor Interest Rate,2120,9.51,59.83
Risk Management,Risk and Compliance Operations,Market Risk Management,Monitor Interest Rate,Monitor,Compliance Data,Monitor Interest Rate,7485,4.92,68.0
Risk Management,Risk and Compliance Operations,Market Risk Management,Monitor Interest Rate,Monitor,Compliance Data,Monitor Interest Rate,8664,12.97,85.2
Risk Management,Risk and Compliance Operations,Market Risk Management,Monitor Interest Rate,Monitor,Compliance Data,Monitor Interest Rate,4907,3.08,98.03
Risk Management,Risk and Compliance Operations,Market Risk Management,Monitor Interest Rate,Monitor,Compliance Data,Monitor Interest Rate,5298,5.42,85.66
Risk Management,Risk and Compliance Operations,Market Risk Management,Monitor Interest Rate,Monitor,Compliance Data,Monitor Interest Rate,7385,9.41,82.7
Risk Management,Risk and Compliance Operations,Market Risk Management,Monitor Interest Rate,Monitor,Compliance Data,Monitor Interest Rate,7150,8.11,54.26
Risk Management,Risk and Compliance Operations,Market Risk Management,Monitor Interest Rate,Monitor,Compliance Data,Monitor Interest Rate,5381,4.19,99.59
Risk Management,Risk and Compliance Operations,Market Risk Management,Monitor Interest Rate,Monitor,Compliance Data,Monitor Interest Rate,1517,3.4,91.95
Risk Management,Risk and Compliance Operations,Market Risk Management,Monitor Interest Rate,Monitor,Compliance Data,Monitor Interest Rate,8241,5.36,55.46
Risk Management,Risk and Compliance Operations,Market Risk Management,Monitor Interest Rate,Monitor,Compliance Data,Monitor Interest Rate,7567,4.07,63.19
Risk Management,Risk and Compliance Operations,Market Risk Management,Monitor Interest Rate,Monitor,Compliance Data,Monitor Interest Rate,8913,10.49,82.64
Risk Management,Risk and Compliance Operations,Market Risk Management,Monitor Interest Rate,Monitor,Compliance Data,Monitor Interest Rate,6377,13.65,72.71
Risk Management,Risk and Compliance Operations,Market Risk Management,Monitor Interest Rate,Monitor,Compliance Data,Monitor Interest Rate,2994,3.81,56.49
Risk Management,Risk and Compliance Operations,Market Risk Management,Monitor Interest Rate,Monitor,Compliance Data,Monitor Interest Rate,5911,6.05,88.59
Risk Management,Risk and Compliance Operations,Market Risk Management,Monitor Interest Rate,Monitor,Compliance Data,Monitor Interest Rate,8110,10.01,65.68
Risk Management,Risk and Compliance Operations,Market Risk Management,Monitor Interest Rate,Monitor,Compliance Data,Monitor Interest Rate,3321,11.07,98.72
Risk Management,Risk and Compliance Operations,Market Risk Management,Monitor Interest Rate,Monitor,Compliance Data,Monitor Interest Rate,7197,9.18,75.71
Risk Management,Risk and Compliance Operations,Market Risk Management,Monitor Interest Rate,Monitor,Compliance Data,Monitor Interest Rate,7469,3.3,86.52
Risk Management,Risk and Compliance Operations,Market Risk Management,Monitor Interest Rate,Monitor,Compliance Data,Monitor Interest Rate,5441,4.5,94.83
Risk Management,Risk and Compliance Operations,Market Risk Management,Monitor Interest Rate,Monitor,Compliance Data,Monitor Interest Rate,1732,9.54,60.8
Risk Management,Risk and Compliance Operations,Market Risk Management,Monitor Interest Rate,Monitor,Compliance Data,Monitor Interest Rate,1773,6.05,64.29
Risk Management,Risk and Compliance Operations,Market Risk Management,Monitor Interest Rate,Monitor,Compliance Data,Monitor Interest Rate,7354,6.69,91.71
Risk Management,Risk and Compliance Operations,Market Risk Management,Monitor Interest Rate,Monitor,Compliance Data,Monitor Interest Rate,2601,13.81,70.9
Risk Management,Risk and Compliance Operations,Market Risk Management,Monitor Interest Rate,Monitor,Compliance Data,Monitor Interest Rate,9243,3.53,83.26
Risk Management,Risk and Compliance Operations,Market Risk Management,Monitor Interest Rate,Monitor,Compliance Data,Monitor Interest Rate,1990,4.79,91.62
Risk Management,Risk and Compliance Operations,Market Risk Management,Monitor Interest Rate,Monitor,Compliance Data,Monitor Interest Rate,4482,10.69,84.09
Risk Management,Risk and Compliance Operations,Market Risk Management,Monitor Interest Rate,Monitor,Compliance Data,Monitor Interest Rate,4820,11.62,63.36
Risk Management,Risk and Compliance Operations,Market Risk Management,Monitor Interest Rate,Monitor,Compliance Data,Monitor Interest Rate,3581,8.94,68.52
Risk Management,Risk and Compliance Operations,Market Risk Management,Monitor Interest Rate,Monitor,Compliance Data,Monitor Interest Rate,5467,9.01,90.32
Risk Management,Risk and Compliance Operations,Market Risk Management,Monitor Interest Rate,Monitor,Compliance Data,Monitor Interest Rate,2150,10.58,83.21
Risk Management,Risk and Compliance Operations,Market Risk Management,Monitor Interest Rate,Monitor,Compliance Data,Monitor Interest Rate,5411,13.15,55.92
Risk Management,Risk and Compliance Operations,Market Risk Management,Monitor Interest Rate,Monitor,Compliance Data,Monitor Interest Rate,8408,3.04,80.1
Risk Management,Risk and Compliance Operations,Market Risk Management,Monitor Interest Rate,Monitor,Compliance Data,Monitor Interest Rate,3518,8.42,64.14
Risk Management,Risk and Compliance Operations,Market Risk Management,Monitor Interest Rate,Monitor,Compliance Data,Monitor Interest Rate,8244,14.35,99.06
Risk Management,Risk and Compliance Operations,Market Risk Management,Monitor Interest Rate,Monitor,Compliance Data,Monitor Interest Rate,4770,12.6,77.6
Risk Management,Risk and Compliance Operations,Market Risk Management,Monitor Interest Rate,Monitor,Compliance Data,Monitor Interest Rate,5792,14.07,93.91
Risk Management,Risk and Compliance Operations,Market Risk Management,Monitor Interest Rate,Monitor,Compliance Data,Monitor Interest Rate,2519,1.09,61.63
Risk Management,Risk and Compliance Operations,Market Risk Management,Monitor Interest Rate,Monitor,Compliance Data,Monitor Interest Rate,9705,5.16,51.28
Risk Management,Risk and Compliance Operations,Market Risk Management,Monitor Interest Rate,Monitor,Compliance Data,Monitor Interest Rate,3228,10.81,82.62
Risk Management,Risk and Compliance Operations,Market Risk Management,Monitor Interest Rate,Monitor,Compliance Data,Monitor Interest Rate,2857,2.04,54.67
Risk Management,Risk and Compliance Operations,Market Risk Management,Monitor Interest Rate,Monitor,Compliance Data,Monitor Interest Rate,5404,1.73,55.84
Risk Management,Risk and Compliance Operations,Market Risk Management,Monitor Interest Rate,Monitor,Compliance Data,Monitor Interest Rate,7532,2.72,67.76
Risk Management,Risk and Compliance Operations,Market Risk Management,Monitor Interest Rate,Monitor,Compliance Data,Monitor Interest Rate,7595,5.65,94.28
Risk Management,Risk and Compliance Operations,Market Risk Management,Monitor Interest Rate,Monitor,Compliance Data,Monitor Interest Rate,6873,10.37,97.33
Risk Management,Risk and Compliance Operations,Market Risk Management,Monitor Interest Rate,Monitor,Compliance Data,Monitor Interest Rate,1035,2.49,99.57
Risk Management,Risk and Compliance Operations,Market Risk Management,Monitor Interest Rate,Monitor,Compliance Data,Monitor Interest Rate,9034,12.77,82.31
Risk Management,Risk and Compliance Operations,Market Risk Management,Monitor Interest Rate,Monitor,Compliance Data,Monitor Interest Rate,9238,9.42,71.55
Risk Management,Risk and Compliance Operations,Market Risk Management,Monitor Interest Rate,Monitor,Compliance Data,Monitor Interest Rate,3895,13.56,98.73
Risk Management,Risk and Compliance Operations,Market Risk Management,Monitor Interest Rate,Monitor,Compliance Data,Monitor Interest Rate,9960,3.39,64.06
Risk Management,Risk and Compliance Operations,Market Risk Management,Monitor Interest Rate,Monitor,Compliance Data,Monitor Interest Rate,8116,2.33,88.51
Risk Management,Risk and Compliance Operations,Market Risk Management,Monitor Interest Rate,Monitor,Compliance Data,Monitor Interest Rate,3017,5.35,61.21
Risk Management,Risk and Compliance Operations,Market Risk Management,Monitor Interest Rate,Monitor,Compliance Data,Monitor Interest Rate,1608,1.04,86.58
Risk Management,Risk and Compliance Operations,Market Risk Management,Monitor Interest Rate,Monitor,Compliance Data,Monitor Interest Rate,5876,3.94,51.25
Risk Management,Risk and Compliance Operations,Market Risk Management,Monitor Interest Rate,Monitor,Compliance Data,Monitor Interest Rate,5338,13.2,69.86
Risk Management,Risk and Compliance Operations,Market Risk Management,Monitor Interest Rate,Monitor,Compliance Data,Monitor Interest Rate,7710,6.56,68.95
Risk Management,Risk and Compliance Operations,Market Risk Management,Monitor Interest Rate,Monitor,Compliance Data,Monitor Interest Rate,6563,12.08,55.04
Risk Management,Risk and Compliance Operations,Market Risk Management,Monitor Interest Rate,Monitor,Compliance Data,Monitor Interest Rate,2279,14.57,83.33
Risk Management,Risk and Compliance Operations,Market Risk Management,Monitor Interest Rate,Monitor,Compliance Data,Monitor Interest Rate,3907,1.5,96.71
Risk Management,Risk and Compliance Operations,Market Risk Management,Monitor Interest Rate,Monitor,Compliance Data,Monitor Interest Rate,3792,7.58,94.82
Risk Management,Risk and Compliance Operations,Market Risk Management,Monitor Interest Rate,Monitor,Compliance Data,Monitor Interest Rate,3676,12.28,53.05
Risk Management,Risk and Compliance Operations,Market Risk Management,Monitor Interest Rate,Monitor,Compliance Data,Monitor Interest Rate,4759,13.28,64.84
Risk Management,Risk and Compliance Operations,Market Risk Management,Monitor Interest Rate,Monitor,Compliance Data,Monitor Interest Rate,4648,3.74,55.77
Risk Management,Risk and Compliance Operations,Market Risk Management,Monitor Interest Rate,Monitor,Compliance Data,Monitor Interest Rate,8382,4.24,78.6
Risk Management,Risk and Compliance Operations,Market Risk Management,Monitor Interest Rate,Monitor,Compliance Data,Monitor Interest Rate,1468,14.54,65.04
Risk Management,Risk and Compliance Operations,Market Risk Management,Monitor Interest Rate,Monitor,Compliance Data,Monitor Interest Rate,8047,10.58,88.02
Risk Management,Risk and Compliance Operations,Market Risk Management,Monitor Interest Rate,Monitor,Compliance Data,Monitor Interest Rate,8201,13.65,70.88
Risk Management,Risk and Compliance Operations,Market Risk Management,Monitor Interest Rate,Monitor,Compliance Data,Monitor Interest Rate,7270,12.2,99.55
Risk Management,Risk and Compliance Operations,Market Risk Management,Monitor Interest Rate,Monitor,Compliance Data,Monitor Interest Rate,7428,13.35,92.6
Risk Management,Risk and Compliance Operations,Market Risk Management,Monitor Interest Rate,Monitor,Compliance Data,Monitor Interest Rate,4352,8.52,79.25
Risk Management,Risk and Compliance Operations,Market Risk Management,Monitor Interest Rate,Monitor,Compliance Data,Monitor Interest Rate,1503,14.79,90.93
Risk Management,Risk and Compliance Operations,Market Risk Management,Monitor Interest Rate,Monitor,Compliance Data,Monitor Interest Rate,3143,6.49,75.9
Risk Management,Risk and Compliance Operations,Market Risk Management,Monitor Interest Rate,Monitor,Compliance Data,Monitor Interest Rate,9781,3.77,83.72
Risk Management,Risk and Compliance Operations,Market Risk Management,Monitor Interest Rate,Monitor,Compliance Data,Monitor Interest Rate,6641,10.99,86.12
Risk Management,Risk and Compliance Operations,Market Risk Management,Monitor Interest Rate,Monitor,Compliance Data,Monitor Interest Rate,4616,13.52,58.43
Risk Management,Risk and Compliance Operations,Market Risk Management,Monitor Interest Rate,Monitor,Compliance Data,Monitor Interest Rate,6770,3.57,98.65
Risk Management,Risk and Compliance Operations,Market Risk Management,Monitor Interest Rate,Monitor,Compliance Data,Monitor Interest Rate,7519,8.96,82.34
Risk Management,Risk and Compliance Operations,Market Risk Management,Monitor Interest Rate,Monitor,Compliance Data,Monitor Interest Rate,5604,6.72,63.43
Risk Management,Risk and Compliance Operations,Market Risk Management,Monitor Interest Rate,Monitor,Compliance Data,Monitor Interest Rate,9204,14.89,69.56
Risk Management,Risk and Compliance Operations,Market Risk Management,Monitor Interest Rate,Monitor,Compliance Data,Monitor Interest Rate,7498,11.31,74.3
Risk Management,Risk and Compliance Operations,Market Risk Management,Monitor Interest Rate,Monitor,Compliance Data,Monitor Interest Rate,5530,2.36,77.35
Risk Management,Risk and Compliance Operations,Market Risk Management,Monitor Interest Rate,Monitor,Compliance Data,Monitor Interest Rate,3743,5.37,93.81
Risk Management,Risk and Compliance Operations,Market Risk Management,Monitor Interest Rate,Monitor,Compliance Data,Monitor Interest Rate,7575,10.42,67.63
Risk Management,Risk and Compliance Operations,Market Risk Management,Monitor Interest Rate,Monitor,Compliance Data,Monitor Interest Rate,1016,3.83,74.41
Risk Management,Risk and Compliance Operations,Market Risk Management,Monitor Interest Rate,Monitor,Compliance Data,Monitor Interest Rate,3392,14.07,70.12
Risk Management,Risk and Compliance Operations,Market Risk Management,Monitor Interest Rate,Monitor,Compliance Data,Monitor Interest Rate,9167,4.78,73.84
Risk Management,Risk and Compliance Operations,Market Risk Management,Monitor Interest Rate,Monitor,Compliance Data,Monitor Interest Rate,8622,13.31,50.32
Risk Management,Risk and Compliance Operations,Market Risk Management,Monitor Interest Rate,Monitor,Compliance Data,Monitor Interest Rate,2841,6.35,69.33
Risk Management,Risk and Compliance Operations,Market Risk Management,Monitor Interest Rate,Monitor,Compliance Data,Monitor Interest Rate,1839,10.97,83.48
Risk Management,Risk and Compliance Operations,Market Risk Management,Monitor Interest Rate,Monitor,Compliance Data,Monitor Interest Rate,1410,12.22,98.39
Risk Management,Risk and Compliance Operations,Market Risk Management,Monitor Interest Rate,Monitor,Compliance Data,Monitor Interest Rate,6103,14.76,99.58
Risk Management,Risk and Compliance Operations,Market Risk Management,Monitor Interest Rate,Monitor,Compliance Data,Monitor Interest Rate,6446,12.96,95.96
Risk Management,Risk and Compliance Operations,Market Risk Management,Monitor Interest Rate,Monitor,Compliance Data,Monitor Interest Rate,5969,5.8,56.7
Risk Management,Risk and Compliance Operations,Market Risk Management,Monitor Interest Rate,Monitor,Compliance Data,Monitor Interest Rate,1031,14.9,80.41
Risk Management,Risk and Compliance Operations,Market Risk Management,Monitor Interest Rate,Monitor,Compliance Data,Monitor Interest Rate,6287,6.3,88.71
Risk Management,Risk and Compliance Operations,Market Risk Management,Monitor Interest Rate,Monitor,Compliance Data,Monitor Interest Rate,1368,6.85,80.49
Risk Management,Risk and Compliance Operations,Market Risk Management,Monitor Interest Rate,Monitor,Compliance Data,Monitor Interest Rate,1364,6.64,97.43
Risk Management,Risk and Compliance Operations,Market Risk Management,Monitor Interest Rate,Monitor,Compliance Data,Monitor Interest Rate,3000,6.72,60.56
Risk Management,Risk and Compliance Operations,Market Risk Management,Monitor Interest Rate,Monitor,Compliance Data,Monitor Interest Rate,1236,13.95,89.89
Risk Management,Risk and Compliance Operations,Market Risk Management,Monitor Interest Rate,Monitor,Compliance Data,Monitor Interest Rate,7648,9.49,63.81
Risk Management,Risk and Compliance Operations,Market Risk Management,Monitor Interest Rate,Monitor,Compliance Data,Monitor Interest Rate,2063,4.84,98.33
Risk Management,Risk and Compliance Operations,Market Risk Management,Monitor Interest Rate,Monitor,Compliance Data,Monitor Interest Rate,5472,0.53,73.78
Risk Management,Risk and Compliance Operations,Market Risk Management,Monitor Interest Rate,Monitor,Compliance Data,Monitor Interest Rate,1322,0.69,91.44
Risk Management,Risk and Compliance Operations,Market Risk Management,Monitor Interest Rate,Monitor,Compliance Data,Monitor Interest Rate,7025,5.66,75.51
Risk Management,Risk and Compliance Operations,Market Risk Management,Monitor Interest Rate,Monitor,Compliance Data,Monitor Interest Rate,1229,2.07,63.81
Risk Management,Risk and Compliance Operations,Market Risk Management,Monitor Interest Rate,Monitor,Compliance Data,Monitor Interest Rate,2782,13.2,86.34
Risk Management,Risk and Compliance Operations,Market Risk Management,Monitor Interest Rate,Monitor,Compliance Data,Monitor Interest Rate,8064,3.46,94.04
Risk Management,Risk and Compliance Operations,Market Risk Management,Monitor Interest Rate,Monitor,Compliance Data,Monitor Interest Rate,5629,14.9,73.7
Risk Management,Risk and Compliance Operations,Market Risk Management,Monitor Interest Rate,Monitor,Compliance Data,Monitor Interest Rate,5103,10.84,81.97
Risk Management,Risk and Compliance Operations,Market Risk Management,Monitor Interest Rate,Monitor,Compliance Data,Monitor Interest Rate,5608,3.48,71.57
Risk Management,Risk and Compliance Operations,Market Risk Management,Monitor Interest Rate,Monitor,Compliance Data,Monitor Interest Rate,4124,8.43,96.3
Risk Management,Risk and Compliance Operations,Market Risk Management,Monitor Interest Rate,Monitor,Compliance Data,Monitor Interest Rate,8961,13.05,50.76
Risk Management,Risk and Compliance Operations,Market Risk Management,Monitor Interest Rate,Monitor,Compliance Data,Monitor Interest Rate,5186,12.64,95.69
Risk Management,Risk and Compliance Operations,Market Risk Management,Monitor Interest Rate,Monitor,Compliance Data,Monitor Interest Rate,3882,12.99,92.35
Risk Management,Risk and Compliance Operations,Market Risk Management,Monitor Interest Rate,Monitor,Compliance Data,Monitor Interest Rate,4989,11.47,73.63
Risk Management,Risk and Compliance Operations,Market Risk Management,Monitor Interest Rate,Monitor,Compliance Data,Monitor Interest Rate,3765,8.61,99.5
Risk Management,Risk and Compliance Operations,Market Risk Management,Monitor Interest Rate,Monitor,Compliance Data,Monitor Interest Rate,2944,13.69,63.62
Risk Management,Risk and Compliance Operations,Market Risk Management,Monitor Interest Rate,Monitor,Compliance Data,Monitor Interest Rate,9590,3.5,91.7
Risk Management,Risk and Compliance Operations,Market Risk Management,Monitor Interest Rate,Monitor,Compliance Data,Monitor Interest Rate,6560,5.39,50.94
Risk Management,Risk and Compliance Operations,Market Risk Management,Monitor Interest Rate,Monitor,Compliance Data,Monitor Interest Rate,4897,7.29,65.64
Risk Management,Risk and Compliance Operations,Market Risk Management,Monitor Interest Rate,Monitor,Compliance Data,Monitor Interest Rate,1709,6.14,75.59
Risk Management,Risk and Compliance Operations,Market Risk Management,Monitor Interest Rate,Monitor,Compliance Data,Monitor Interest Rate,6543,6.35,60.91
Risk Management,Risk and Compliance Operations,Market Risk Management,Monitor Interest Rate,Monitor,Compliance Data,Monitor Interest Rate,6992,9.84,82.72
Risk Management,Risk and Compliance Operations,Market Risk Management,Monitor Interest Rate,Monitor,Compliance Data,Monitor Interest Rate,8308,2.81,54.71
Risk Management,Risk and Compliance Operations,Market Risk Management,Monitor Interest Rate,Monitor,Compliance Data,Monitor Interest Rate,8995,14.25,57.0
Risk Management,Risk and Compliance Operations,Market Risk Management,Monitor Interest Rate,Monitor,Compliance Data,Monitor Interest Rate,3081,6.06,87.48
Risk Management,Risk and Compliance Operations,Market Risk Management,Monitor Interest Rate,Monitor,Compliance Data,Monitor Interest Rate,3260,10.82,82.7
Risk Management,Risk and Compliance Operations,Market Risk Management,Monitor Interest Rate,Monitor,Compliance Data,Monitor Interest Rate,1065,9.44,54.28
Risk Management,Risk and Compliance Operations,Market Risk Management,Monitor Interest Rate,Monitor,Compliance Data,Monitor Interest Rate,2803,10.27,70.61
Risk Management,Risk and Compliance Operations,Market Risk Management,Monitor Interest Rate,Monitor,Compliance Data,Monitor Interest Rate,3296,1.41,99.92
Risk Management,Risk and Compliance Operations,Market Risk Management,Monitor Interest Rate,Monitor,Compliance Data,Monitor Interest Rate,7423,4.93,64.09
Risk Management,Risk and Compliance Operations,Market Risk Management,Monitor Interest Rate,Monitor,Compliance Data,Monitor Interest Rate,7725,3.49,91.95
Risk Management,Risk and Compliance Operations,Market Risk Management,Monitor Interest Rate,Monitor,Compliance Data,Monitor Interest Rate,6104,6.6,97.36
Risk Management,Risk and Compliance Operations,Market Risk Management,Monitor Interest Rate,Monitor,Compliance Data,Monitor Interest Rate,9444,0.52,93.56
Risk Management,Risk and Compliance Operations,Market Risk Management,Monitor Interest Rate,Monitor,Compliance Data,Monitor Interest Rate,3957,5.55,59.95
Risk Management,Risk and Compliance Operations,Market Risk Management,Monitor Interest Rate,Monitor,Compliance Data,Monitor Interest Rate,8621,5.93,63.83
Risk Management,Risk and Compliance Operations,Market Risk Management,Monitor Interest Rate,Monitor,Compliance Data,Monitor Interest Rate,3256,8.26,62.56
Risk Management,Risk and Compliance Operations,Market Risk Management,Monitor Interest Rate,Monitor,Compliance Data,Monitor Interest Rate,3546,8.3,64.2
Risk Management,Risk and Compliance Operations,Market Risk Management,Monitor Interest Rate,Monitor,Compliance Data,Monitor Interest Rate,3867,13.87,90.81
Risk Management,Risk and Compliance Operations,Market Risk Management,Monitor Interest Rate,Monitor,Compliance Data,Monitor Interest Rate,5402,5.23,72.78
Risk Management,Risk and Compliance Operations,Market Risk Management,Monitor Interest Rate,Monitor,Compliance Data,Monitor Interest Rate,5095,4.39,78.01
Risk Management,Risk and Compliance Operations,Market Risk Management,Monitor Interest Rate,Monitor,Compliance Data,Monitor Interest Rate,8819,1.53,96.63
Risk Management,Risk and Compliance Operations,Market Risk Management,Monitor Interest Rate,Monitor,Compliance Data,Monitor Interest Rate,2269,0.6,58.04
Risk Management,Risk and Compliance Operations,Market Risk Management,Monitor Interest Rate,Monitor,Compliance Data,Monitor Interest Rate,4809,3.51,99.8
Risk Management,Risk and Compliance Operations,Market Risk Management,Monitor Interest Rate,Monitor,Compliance Data,Monitor Interest Rate,7245,3.85,70.8
Risk Management,Risk and Compliance Operations,Market Risk Management,Monitor Interest Rate,Monitor,Compliance Data,Monitor Interest Rate,8012,4.14,67.73
Risk Management,Risk and Compliance Operations,Market Risk Management,Monitor Interest Rate,Monitor,Compliance Data,Monitor Interest Rate,9740,12.95,90.92
Risk Management,Risk and Compliance Operations,Market Risk Management,Monitor Interest Rate,Monitor,Compliance Data,Monitor Interest Rate,7104,3.39,77.7
Risk Management,Risk and Compliance Operations,Market Risk Management,Monitor Interest Rate,Monitor,Compliance Data,Monitor Interest Rate,9848,7.13,56.3
Risk Management,Risk and Compliance Operations,Market Risk Management,Monitor Interest Rate,Monitor,Compliance Data,Monitor Interest Rate,2831,10.1,83.09
Risk Management,Risk and Compliance Operations,Market Risk Management,Monitor Interest Rate,Monitor,Compliance Data,Monitor Interest Rate,4321,13.88,91.8
Risk Management,Risk and Compliance Operations,Market Risk Management,Monitor Interest Rate,Monitor,Compliance Data,Monitor Interest Rate,1398,9.02,69.52
Risk Management,Risk and Compliance Operations,Market Risk Management,Monitor Interest Rate,Monitor,Compliance Data,Monitor Interest Rate,6927,7.8,85.76
Risk Management,Risk and Compliance Operations,Market Risk Management,Monitor Interest Rate,Monitor,Compliance Data,Monitor Interest Rate,9466,11.45,96.48
Risk Management,Risk and Compliance Operations,Market Risk Management,Monitor Interest Rate,Monitor,Compliance Data,Monitor Interest Rate,8101,14.03,54.44
Risk Management,Risk and Compliance Operations,Market Risk Management,Monitor Interest Rate,Monitor,Compliance Data,Monitor Interest Rate,4762,7.22,90.63
Risk Management,Risk and Compliance Operations,Market Risk Management,Monitor Interest Rate,Monitor,Compliance Data,Monitor Interest Rate,5642,4.96,66.01
Risk Management,Risk and Compliance Operations,Market Risk Management,Monitor Interest Rate,Monitor,Compliance Data,Monitor Interest Rate,6420,12.13,63.85
Risk Management,Risk and Compliance Operations,Market Risk Management,Monitor Interest Rate,Monitor,Compliance Data,Monitor Interest Rate,4108,10.98,58.2
Risk Management,Risk and Compliance Operations,Market Risk Management,Monitor Interest Rate,Monitor,Compliance Data,Monitor Interest Rate,7205,7.27,75.81
Risk Management,Risk and Compliance Operations,Market Risk Management,Monitor Interest Rate,Monitor,Compliance Data,Monitor Interest Rate,6983,4.08,78.11
Risk Management,Risk and Compliance Operations,Market Risk Management,Monitor Interest Rate,Monitor,Compliance Data,Monitor Interest Rate,9097,2.4,55.92
Risk Management,Risk and Compliance Operations,Market Risk Management,Monitor Interest Rate,Monitor,Compliance Data,Monitor Interest Rate,5159,2.27,51.99
Risk Management,Risk and Compliance Operations,Market Risk Management,Monitor Interest Rate,Monitor,Compliance Data,Monitor Interest Rate,9780,10.48,76.07
Risk Management,Risk and Compliance Operations,Market Risk Management,Monitor Interest Rate,Monitor,Compliance Data,Monitor Interest Rate,4597,5.71,97.31
Risk Management,Risk and Compliance Operations,Market Risk Management,Monitor Interest Rate,Monitor,Compliance Data,Monitor Interest Rate,9731,10.78,72.9
Risk Management,Risk and Compliance Operations,Market Risk Management,Monitor Interest Rate,Monitor,Compliance Data,Monitor Interest Rate,1198,8.04,86.7
Risk Management,Risk and Compliance Operations,Market Risk Management,Monitor Interest Rate,Monitor,Compliance Data,Monitor Interest Rate,6655,14.98,68.65
Risk Management,Risk and Compliance Operations,Market Risk Management,Monitor Interest Rate,Monitor,Compliance Data,Monitor Interest Rate,9316,10.78,74.22
Risk Management,Risk and Compliance Operations,Market Risk Management,Monitor Interest Rate,Monitor,Compliance Data,Monitor Interest Rate,7252,3.88,89.59
Risk Management,Risk and Compliance Operations,Market Risk Management,Monitor Interest Rate,Monitor,Compliance Data,Monitor Interest Rate,1491,1.5,70.98
Risk Management,Risk and Compliance Operations,Market Risk Management,Monitor Interest Rate,Monitor,Compliance Data,Monitor Interest Rate,2532,9.64,93.35
Risk Management,Risk and Compliance Operations,Market Risk Management,Monitor Interest Rate,Monitor,Compliance Data,Monitor Interest Rate,4796,11.2,94.73
Risk Management,Risk and Compliance Operations,Market Risk Management,Monitor Interest Rate,Monitor,Compliance Data,Monitor Interest Rate,6236,4.23,80.74
Risk Management,Risk and Compliance Operations,Market Risk Management,Monitor Interest Rate,Monitor,Compliance Data,Monitor Interest Rate,7450,10.47,82.23
Risk Management,Risk and Compliance Operations,Market Risk Management,Monitor Interest Rate,Monitor,Compliance Data,Monitor Interest Rate,8596,14.55,61.37
Risk Management,Risk and Compliance Operations,Market Risk Management,Monitor Interest Rate,Monitor,Compliance Data,Monitor Interest Rate,8683,7.65,61.39
Risk Management,Risk and Compliance Operations,Market Risk Management,Monitor Interest Rate,Monitor,Compliance Data,Monitor Interest Rate,9081,8.52,87.13
Risk Management,Risk and Compliance Operations,Market Risk Management,Monitor Interest Rate,Monitor,Compliance Data,Monitor Interest Rate,2315,10.72,82.68
Risk Management,Risk and Compliance Operations,Market Risk Management,Monitor Interest Rate,Monitor,Compliance Data,Monitor Interest Rate,1452,10.33,81.52
Risk Management,Risk and Compliance Operations,Market Risk Management,Monitor Interest Rate,Monitor,Compliance Data,Monitor Interest Rate,5512,11.48,57.22
Risk Management,Risk and Compliance Operations,Market Risk Management,Monitor Interest Rate,Monitor,Compliance Data,Monitor Interest Rate,2288,13.6,87.24
Risk Management,Risk and Compliance Operations,Market Risk Management,Monitor Interest Rate,Monitor,Compliance Data,Monitor Interest Rate,7402,14.11,61.01
Risk Management,Risk and Compliance Operations,Market Risk Management,Monitor Interest Rate,Monitor,Compliance Data,Monitor Interest Rate,4580,11.07,94.06
Risk Management,Risk and Compliance Operations,Market Risk Management,Monitor Interest Rate,Monitor,Compliance Data,Monitor Interest Rate,8410,10.57,95.17
Risk Management,Risk and Compliance Operations,Market Risk Management,Monitor Interest Rate,Monitor,Compliance Data,Monitor Interest Rate,7810,10.39,95.22
Risk Management,Risk and Compliance Operations,Market Risk Management,Monitor Interest Rate,Monitor,Compliance Data,Monitor Interest Rate,2078,6.85,95.28
Risk Management,Risk and Compliance Operations,Market Risk Management,Monitor Interest Rate,Monitor,Compliance Data,Monitor Interest Rate,3248,11.85,70.26
Risk Management,Risk and Compliance Operations,Market Risk Management,Monitor Interest Rate,Monitor,Compliance Data,Monitor Interest Rate,1333,13.45,76.15
Risk Management,Risk and Compliance Operations,Market Risk Management,Monitor Interest Rate,Monitor,Compliance Data,Monitor Interest Rate,3329,11.54,69.5
Risk Management,Risk and Compliance Operations,Market Risk Management,Monitor Interest Rate,Monitor,Compliance Data,Monitor Interest Rate,9696,1.55,94.82
Risk Management,Risk and Compliance Operations,Market Risk Management,Monitor Interest Rate,Monitor,Compliance Data,Monitor Interest Rate,8541,10.86,67.35
Risk Management,Risk and Compliance Operations,Market Risk Management,Monitor Interest Rate,Monitor,Compliance Data,Monitor Interest Rate,5897,14.1,50.67
Risk Management,Risk and Compliance Operations,Market Risk Management,Monitor Interest Rate,Monitor,Compliance Data,Monitor Interest Rate,6388,0.82,57.65
Risk Management,Risk and Compliance Operations,Market Risk Management,Monitor Interest Rate,Monitor,Compliance Data,Monitor Interest Rate,4137,0.53,75.62
Risk Management,Risk and Compliance Operations,Market Risk Management,Monitor Interest Rate,Monitor,Compliance Data,Monitor Interest Rate,4645,1.15,87.51
Risk Management,Risk and Compliance Operations,Market Risk Management,Monitor Interest Rate,Monitor,Compliance Data,Monitor Interest Rate,5254,3.28,52.99
Risk Management,Risk and Compliance Operations,Market Risk Management,Monitor Interest Rate,Monitor,Compliance Data,Monitor Interest Rate,8137,2.58,52.2
Risk Management,Risk and Compliance Operations,Market Risk Management,Monitor Interest Rate,Monitor,Compliance Data,Monitor Interest Rate,9142,9.73,60.35
Risk Management,Risk and Compliance Operations,Market Risk Management,Monitor Interest Rate,Monitor,Compliance Data,Monitor Interest Rate,5765,9.4,93.32
Risk Management,Risk and Compliance Operations,Market Risk Management,Monitor Interest Rate,Monitor,Compliance Data,Monitor Interest Rate,2588,3.17,58.36
Risk Management,Risk and Compliance Operations,Market Risk Management,Monitor Interest Rate,Monitor,Compliance Data,Monitor Interest Rate,9296,13.31,92.38
Risk Management,Risk and Compliance Operations,Market Risk Management,Monitor Interest Rate,Monitor,Compliance Data,Monitor Interest Rate,7672,8.36,52.59
Risk Management,Risk and Compliance Operations,Market Risk Management,Monitor Interest Rate,Monitor,Compliance Data,Monitor Interest Rate,2578,6.35,96.81
Risk Management,Risk and Compliance Operations,Market Risk Management,Monitor Interest Rate,Monitor,Compliance Data,Monitor Interest Rate,1146,10.16,55.4
Risk Management,Risk and Compliance Operations,Market Risk Management,Monitor Interest Rate,Monitor,Compliance Data,Monitor Interest Rate,9402,2.99,99.6
Risk Management,Risk and Compliance Operations,Market Risk Management,Monitor Interest Rate,Monitor,Compliance Data,Monitor Interest Rate,9356,9.67,95.69
Risk Management,Risk and Compliance Operations,Market Risk Management,Monitor Interest Rate,Monitor,Compliance Data,Monitor Interest Rate,5299,4.79,75.24
Risk Management,Risk and Compliance Operations,Market Risk Management,Monitor Interest Rate,Monitor,Compliance Data,Monitor Interest Rate,7483,8.74,65.67
Risk Management,Risk and Compliance Operations,Market Risk Management,Monitor Interest Rate,Monitor,Compliance Data,Monitor Interest Rate,5024,12.15,94.05
Risk Management,Risk and Compliance Operations,Market Risk Management,Monitor Interest Rate,Monitor,Compliance Data,Monitor Interest Rate,8432,3.04,83.78
Risk Management,Risk and Compliance Operations,Market Risk Management,Monitor Interest Rate,Monitor,Compliance Data,Monitor Interest Rate,4968,10.56,95.77
Risk Management,Risk and Compliance Operations,Market Risk Management,Monitor Interest Rate,Monitor,Compliance Data,Monitor Interest Rate,6179,14.6,52.51
Risk Management,Risk and Compliance Operations,Market Risk Management,Monitor Interest Rate,Monitor,Compliance Data,Monitor Interest Rate,8853,5.54,70.14
Risk Management,Risk and Compliance Operations,Market Risk Management,Monitor Interest Rate,Monitor,Compliance Data,Monitor Interest Rate,9036,14.22,97.76
Risk Management,Risk and Compliance Operations,Market Risk Management,Monitor Interest Rate,Monitor,Compliance Data,Monitor Interest Rate,1785,6.49,78.6
Risk Management,Risk and Compliance Operations,Market Risk Management,Monitor Interest Rate,Monitor,Compliance Data,Monitor Interest Rate,5676,10.16,96.06
Risk Management,Risk and Compliance Operations,Market Risk Management,Monitor Interest Rate,Monitor,Compliance Data,Monitor Interest Rate,1480,5.2,53.96
Risk Management,Risk and Compliance Operations,Market Risk Management,Monitor Interest Rate,Monitor,Compliance Data,Monitor Interest Rate,2274,14.09,56.15
Risk Management,Risk and Compliance Operations,Market Risk Management,Monitor Interest Rate,Monitor,Compliance Data,Monitor Interest Rate,5645,8.92,55.2
